[     268ms] [ERROR] Failed to load resource: the server responded with a status of 500 (Internal Server Error) @ http://localhost:3000/en/governance:0
[    1123ms] [INFO] %cDownload the React DevTools for a better development experience: https://react.dev/link/react-devtools font-weight:bold @ webpack-internal:///(app-pages-browser)/./node_modules/next/dist/compiled/react-dom/cjs/react-dom-client.development.js:25630
[    1480ms] Invalid or unexpected token
[    1501ms] ChunkLoadError: Loading chunk app/[locale]/layout failed.
(missing: http://localhost:3000/_next/static/chunks/app/%5Blocale%5D/layout.js)
    at __webpack_require__.f.j (http://localhost:3000/_next/static/chunks/webpack.js:855:29)
    at http://localhost:3000/_next/static/chunks/webpack.js:150:40
    at Array.reduce (<anonymous>)
    at __webpack_require__.e (http://localhost:3000/_next/static/chunks/webpack.js:149:67)
    at fn.e (http://localhost:3000/_next/static/chunks/webpack.js:386:50)
    at loadChunk (webpack-internal:///(app-pages-browser)/./node_modules/next/dist/compiled/react-server-dom-webpack/cjs/react-server-dom-webpack-client.browser.development.js:113:34)
    at preloadModule (webpack-internal:///(app-pages-browser)/./node_modules/next/dist/compiled/react-server-dom-webpack/cjs/react-server-dom-webpack-client.browser.development.js:82:31)
    at resolveModule (webpack-internal:///(app-pages-browser)/./node_modules/next/dist/compiled/react-server-dom-webpack/cjs/react-server-dom-webpack-client.browser.development.js:2130:20)
    at processFullStringRow (webpack-internal:///(app-pages-browser)/./node_modules/next/dist/compiled/react-server-dom-webpack/cjs/react-server-dom-webpack-client.browser.development.js:2830:11)
    at processFullBinaryRow (webpack-internal:///(app-pages-browser)/./node_modules/next/dist/compiled/react-server-dom-webpack/cjs/react-server-dom-webpack-client.browser.development.js:2825:7)
    at processBinaryChunk (webpack-internal:///(app-pages-browser)/./node_modules/next/dist/compiled/react-server-dom-webpack/cjs/react-server-dom-webpack-client.browser.development.js:3028:15)
    at progress (webpack-internal:///(app-pages-browser)/./node_modules/next/dist/compiled/react-server-dom-webpack/cjs/react-server-dom-webpack-client.browser.development.js:3294:13)
[    2182ms] [LOG] [Fast Refresh] rebuilding @ webpack-internal:///(app-pages-browser)/./node_modules/next/dist/client/dev/hot-reloader/app/hot-reloader-app.js:196
[    2221ms] [WARNING] [Fast Refresh] performing full reload because your application had an unrecoverable error @ webpack-internal:///(app-pages-browser)/./node_modules/next/dist/client/dev/hot-reloader/app/hot-reloader-app.js:113
[    2523ms] [ERROR] Failed to load resource: the server responded with a status of 500 (Internal Server Error) @ http://localhost:3000/en/governance:0
[    3268ms] [INFO] %cDownload the React DevTools for a better development experience: https://react.dev/link/react-devtools font-weight:bold @ webpack-internal:///(app-pages-browser)/./node_modules/next/dist/compiled/react-dom/cjs/react-dom-client.development.js:25630
[    3691ms] Invalid or unexpected token
[    3706ms] ChunkLoadError: Loading chunk app/[locale]/layout failed.
(missing: http://localhost:3000/_next/static/chunks/app/%5Blocale%5D/layout.js)
    at __webpack_require__.f.j (http://localhost:3000/_next/static/chunks/webpack.js:855:29)
    at http://localhost:3000/_next/static/chunks/webpack.js:150:40
    at Array.reduce (<anonymous>)
    at __webpack_require__.e (http://localhost:3000/_next/static/chunks/webpack.js:149:67)
    at fn.e (http://localhost:3000/_next/static/chunks/webpack.js:386:50)
    at loadChunk (webpack-internal:///(app-pages-browser)/./node_modules/next/dist/compiled/react-server-dom-webpack/cjs/react-server-dom-webpack-client.browser.development.js:113:34)
    at preloadModule (webpack-internal:///(app-pages-browser)/./node_modules/next/dist/compiled/react-server-dom-webpack/cjs/react-server-dom-webpack-client.browser.development.js:82:31)
    at resolveModule (webpack-internal:///(app-pages-browser)/./node_modules/next/dist/compiled/react-server-dom-webpack/cjs/react-server-dom-webpack-client.browser.development.js:2130:20)
    at processFullStringRow (webpack-internal:///(app-pages-browser)/./node_modules/next/dist/compiled/react-server-dom-webpack/cjs/react-server-dom-webpack-client.browser.development.js:2830:11)
    at processFullBinaryRow (webpack-internal:///(app-pages-browser)/./node_modules/next/dist/compiled/react-server-dom-webpack/cjs/react-server-dom-webpack-client.browser.development.js:2825:7)
    at processBinaryChunk (webpack-internal:///(app-pages-browser)/./node_modules/next/dist/compiled/react-server-dom-webpack/cjs/react-server-dom-webpack-client.browser.development.js:3028:15)
    at progress (webpack-internal:///(app-pages-browser)/./node_modules/next/dist/compiled/react-server-dom-webpack/cjs/react-server-dom-webpack-client.browser.development.js:3294:13)
[    4536ms] [LOG] [Fast Refresh] rebuilding @ webpack-internal:///(app-pages-browser)/./node_modules/next/dist/client/dev/hot-reloader/app/hot-reloader-app.js:196
[    4573ms] [WARNING] [Fast Refresh] performing full reload because your application had an unrecoverable error @ webpack-internal:///(app-pages-browser)/./node_modules/next/dist/client/dev/hot-reloader/app/hot-reloader-app.js:113
[    4899ms] [ERROR] Failed to load resource: the server responded with a status of 500 (Internal Server Error) @ http://localhost:3000/en/governance:0
[    6061ms] [INFO] %cDownload the React DevTools for a better development experience: https://react.dev/link/react-devtools font-weight:bold @ webpack-internal:///(app-pages-browser)/./node_modules/next/dist/compiled/react-dom/cjs/react-dom-client.development.js:25630
[    7637ms] [WARNING] Ribbit wallet not detected @ webpack-internal:///(app-pages-browser)/./node_modules/ribbit-wallet-connect/dist/index.js:23
[    7638ms] [WARNING] Ribbit wallet not detected @ webpack-internal:///(app-pages-browser)/./node_modules/ribbit-wallet-connect/dist/index.js:23
[    8034ms] [WARNING] Ribbit wallet not detected @ webpack-internal:///(app-pages-browser)/./node_modules/ribbit-wallet-connect/dist/index.js:23
[    8035ms] [WARNING] Ribbit wallet not detected @ webpack-internal:///(app-pages-browser)/./node_modules/ribbit-wallet-connect/dist/index.js:23
[    8042ms] [WARNING] Ribbit wallet not detected @ webpack-internal:///(app-pages-browser)/./node_modules/ribbit-wallet-connect/dist/index.js:23
[    8043ms] [WARNING] Ribbit wallet not detected @ webpack-internal:///(app-pages-browser)/./node_modules/ribbit-wallet-connect/dist/index.js:23
[    8261ms] [LOG] [Fast Refresh] rebuilding @ webpack-internal:///(app-pages-browser)/./node_modules/next/dist/client/dev/hot-reloader/app/hot-reloader-app.js:196
[    8735ms] [LOG] [Fast Refresh] done in 475ms @ webpack-internal:///(app-pages-browser)/./node_modules/next/dist/client/dev/report-hmr-latency.js:13
[    8741ms] [LOG] [Fast Refresh] rebuilding @ webpack-internal:///(app-pages-browser)/./node_modules/next/dist/client/dev/hot-reloader/app/hot-reloader-app.js:196
[    8786ms] [LOG] [Fast Refresh] done in 44ms @ webpack-internal:///(app-pages-browser)/./node_modules/next/dist/client/dev/report-hmr-latency.js:13
[    9209ms] [LOG] [Fast Refresh] rebuilding @ webpack-internal:///(app-pages-browser)/./node_modules/next/dist/client/dev/hot-reloader/app/hot-reloader-app.js:196
[    9224ms] [WARNING] Ribbit wallet not detected @ webpack-internal:///(app-pages-browser)/./node_modules/ribbit-wallet-connect/dist/index.js:23
[    9224ms] [WARNING] Ribbit wallet not detected @ webpack-internal:///(app-pages-browser)/./node_modules/ribbit-wallet-connect/dist/index.js:23
[    9336ms] [LOG] [Fast Refresh] done in 128ms @ webpack-internal:///(app-pages-browser)/./node_modules/next/dist/client/dev/report-hmr-latency.js:13
[    9726ms] [LOG] [Fast Refresh] rebuilding @ webpack-internal:///(app-pages-browser)/./node_modules/next/dist/client/dev/hot-reloader/app/hot-reloader-app.js:196
[    9755ms] [LOG] [Fast Refresh] done in 30ms @ webpack-internal:///(app-pages-browser)/./node_modules/next/dist/client/dev/report-hmr-latency.js:13
[   10168ms] [WARNING] Ribbit wallet not detected @ webpack-internal:///(app-pages-browser)/./node_modules/ribbit-wallet-connect/dist/index.js:23
[   10169ms] [WARNING] Ribbit wallet not detected @ webpack-internal:///(app-pages-browser)/./node_modules/ribbit-wallet-connect/dist/index.js:23
[   10186ms] [LOG] [Fast Refresh] rebuilding @ webpack-internal:///(app-pages-browser)/./node_modules/next/dist/client/dev/hot-reloader/app/hot-reloader-app.js:196
[   10220ms] [LOG] [Fast Refresh] done in 34ms @ webpack-internal:///(app-pages-browser)/./node_modules/next/dist/client/dev/report-hmr-latency.js:13
[   10683ms] [LOG] [Fast Refresh] rebuilding @ webpack-internal:///(app-pages-browser)/./node_modules/next/dist/client/dev/hot-reloader/app/hot-reloader-app.js:196
[   10710ms] [LOG] [Fast Refresh] done in 27ms @ webpack-internal:///(app-pages-browser)/./node_modules/next/dist/client/dev/report-hmr-latency.js:13
[   11207ms] [LOG] [Fast Refresh] rebuilding @ webpack-internal:///(app-pages-browser)/./node_modules/next/dist/client/dev/hot-reloader/app/hot-reloader-app.js:196
[   11470ms] [LOG] [Fast Refresh] done in 263ms @ webpack-internal:///(app-pages-browser)/./node_modules/next/dist/client/dev/report-hmr-latency.js:13
[   11925ms] [LOG] [Fast Refresh] rebuilding @ webpack-internal:///(app-pages-browser)/./node_modules/next/dist/client/dev/hot-reloader/app/hot-reloader-app.js:196
[   11968ms] [LOG] [Fast Refresh] done in 43ms @ webpack-internal:///(app-pages-browser)/./node_modules/next/dist/client/dev/report-hmr-latency.js:13
[   12433ms] [LOG] [Fast Refresh] rebuilding @ webpack-internal:///(app-pages-browser)/./node_modules/next/dist/client/dev/hot-reloader/app/hot-reloader-app.js:196
[   12485ms] [LOG] [Fast Refresh] done in 51ms @ webpack-internal:///(app-pages-browser)/./node_modules/next/dist/client/dev/report-hmr-latency.js:13
[   12939ms] [LOG] [Fast Refresh] rebuilding @ webpack-internal:///(app-pages-browser)/./node_modules/next/dist/client/dev/hot-reloader/app/hot-reloader-app.js:196
[   12993ms] [LOG] [Fast Refresh] done in 53ms @ webpack-internal:///(app-pages-browser)/./node_modules/next/dist/client/dev/report-hmr-latency.js:13
[   13434ms] [LOG] [Fast Refresh] rebuilding @ webpack-internal:///(app-pages-browser)/./node_modules/next/dist/client/dev/hot-reloader/app/hot-reloader-app.js:196
[   13478ms] [LOG] [Fast Refresh] done in 45ms @ webpack-internal:///(app-pages-browser)/./node_modules/next/dist/client/dev/report-hmr-latency.js:13
[   13918ms] [LOG] [Fast Refresh] rebuilding @ webpack-internal:///(app-pages-browser)/./node_modules/next/dist/client/dev/hot-reloader/app/hot-reloader-app.js:196
[   13957ms] [LOG] [Fast Refresh] done in 40ms @ webpack-internal:///(app-pages-browser)/./node_modules/next/dist/client/dev/report-hmr-latency.js:13
[   14359ms] [LOG] [Fast Refresh] rebuilding @ webpack-internal:///(app-pages-browser)/./node_modules/next/dist/client/dev/hot-reloader/app/hot-reloader-app.js:196
[   14409ms] [LOG] [Fast Refresh] done in 50ms @ webpack-internal:///(app-pages-browser)/./node_modules/next/dist/client/dev/report-hmr-latency.js:13
[   14889ms] [LOG] [Fast Refresh] rebuilding @ webpack-internal:///(app-pages-browser)/./node_modules/next/dist/client/dev/hot-reloader/app/hot-reloader-app.js:196
[   14919ms] [LOG] [Fast Refresh] done in 30ms @ webpack-internal:///(app-pages-browser)/./node_modules/next/dist/client/dev/report-hmr-latency.js:13
[   15332ms] [LOG] [Fast Refresh] rebuilding @ webpack-internal:///(app-pages-browser)/./node_modules/next/dist/client/dev/hot-reloader/app/hot-reloader-app.js:196
[   15392ms] [LOG] [Fast Refresh] done in 60ms @ webpack-internal:///(app-pages-browser)/./node_modules/next/dist/client/dev/report-hmr-latency.js:13
[   15989ms] [LOG] [Fast Refresh] rebuilding @ webpack-internal:///(app-pages-browser)/./node_modules/next/dist/client/dev/hot-reloader/app/hot-reloader-app.js:196
[   16027ms] [LOG] [Fast Refresh] done in 38ms @ webpack-internal:///(app-pages-browser)/./node_modules/next/dist/client/dev/report-hmr-latency.js:13
[   16401ms] [LOG] [Fast Refresh] rebuilding @ webpack-internal:///(app-pages-browser)/./node_modules/next/dist/client/dev/hot-reloader/app/hot-reloader-app.js:196
[   16433ms] [LOG] [Fast Refresh] done in 31ms @ webpack-internal:///(app-pages-browser)/./node_modules/next/dist/client/dev/report-hmr-latency.js:13
[   16846ms] [LOG] [Fast Refresh] rebuilding @ webpack-internal:///(app-pages-browser)/./node_modules/next/dist/client/dev/hot-reloader/app/hot-reloader-app.js:196
[   16886ms] [LOG] [Fast Refresh] done in 40ms @ webpack-internal:///(app-pages-browser)/./node_modules/next/dist/client/dev/report-hmr-latency.js:13
[   17239ms] [LOG] [Fast Refresh] rebuilding @ webpack-internal:///(app-pages-browser)/./node_modules/next/dist/client/dev/hot-reloader/app/hot-reloader-app.js:196
[   17273ms] [LOG] [Fast Refresh] done in 34ms @ webpack-internal:///(app-pages-browser)/./node_modules/next/dist/client/dev/report-hmr-latency.js:13
[   17643ms] [LOG] [Fast Refresh] rebuilding @ webpack-internal:///(app-pages-browser)/./node_modules/next/dist/client/dev/hot-reloader/app/hot-reloader-app.js:196
[   17673ms] [LOG] [Fast Refresh] done in 31ms @ webpack-internal:///(app-pages-browser)/./node_modules/next/dist/client/dev/report-hmr-latency.js:13
[   18032ms] [LOG] [Fast Refresh] rebuilding @ webpack-internal:///(app-pages-browser)/./node_modules/next/dist/client/dev/hot-reloader/app/hot-reloader-app.js:196
[   18075ms] [LOG] [Fast Refresh] done in 43ms @ webpack-internal:///(app-pages-browser)/./node_modules/next/dist/client/dev/report-hmr-latency.js:13
[   18506ms] [LOG] [Fast Refresh] rebuilding @ webpack-internal:///(app-pages-browser)/./node_modules/next/dist/client/dev/hot-reloader/app/hot-reloader-app.js:196
[   18540ms] [LOG] [Fast Refresh] done in 35ms @ webpack-internal:///(app-pages-browser)/./node_modules/next/dist/client/dev/report-hmr-latency.js:13
[   18944ms] [LOG] [Fast Refresh] rebuilding @ webpack-internal:///(app-pages-browser)/./node_modules/next/dist/client/dev/hot-reloader/app/hot-reloader-app.js:196
[   19005ms] [LOG] [Fast Refresh] done in 61ms @ webpack-internal:///(app-pages-browser)/./node_modules/next/dist/client/dev/report-hmr-latency.js:13
[   19833ms] [LOG] [Fast Refresh] rebuilding @ webpack-internal:///(app-pages-browser)/./node_modules/next/dist/client/dev/hot-reloader/app/hot-reloader-app.js:196
[   19873ms] [LOG] [Fast Refresh] done in 39ms @ webpack-internal:///(app-pages-browser)/./node_modules/next/dist/client/dev/report-hmr-latency.js:13
[   20322ms] [LOG] [Fast Refresh] rebuilding @ webpack-internal:///(app-pages-browser)/./node_modules/next/dist/client/dev/hot-reloader/app/hot-reloader-app.js:196
[   20359ms] [LOG] [Fast Refresh] done in 37ms @ webpack-internal:///(app-pages-browser)/./node_modules/next/dist/client/dev/report-hmr-latency.js:13
[   20804ms] [LOG] [Fast Refresh] rebuilding @ webpack-internal:///(app-pages-browser)/./node_modules/next/dist/client/dev/hot-reloader/app/hot-reloader-app.js:196
[   20837ms] [LOG] [Fast Refresh] done in 32ms @ webpack-internal:///(app-pages-browser)/./node_modules/next/dist/client/dev/report-hmr-latency.js:13
[   21238ms] [LOG] [Fast Refresh] rebuilding @ webpack-internal:///(app-pages-browser)/./node_modules/next/dist/client/dev/hot-reloader/app/hot-reloader-app.js:196
[   21278ms] [LOG] [Fast Refresh] done in 40ms @ webpack-internal:///(app-pages-browser)/./node_modules/next/dist/client/dev/report-hmr-latency.js:13
[   21728ms] [LOG] [Fast Refresh] rebuilding @ webpack-internal:///(app-pages-browser)/./node_modules/next/dist/client/dev/hot-reloader/app/hot-reloader-app.js:196
[   21766ms] [LOG] [Fast Refresh] done in 38ms @ webpack-internal:///(app-pages-browser)/./node_modules/next/dist/client/dev/report-hmr-latency.js:13
[   22276ms] [LOG] [Fast Refresh] rebuilding @ webpack-internal:///(app-pages-browser)/./node_modules/next/dist/client/dev/hot-reloader/app/hot-reloader-app.js:196
[   22321ms] [LOG] [Fast Refresh] done in 46ms @ webpack-internal:///(app-pages-browser)/./node_modules/next/dist/client/dev/report-hmr-latency.js:13
[   22725ms] [LOG] [Fast Refresh] rebuilding @ webpack-internal:///(app-pages-browser)/./node_modules/next/dist/client/dev/hot-reloader/app/hot-reloader-app.js:196
[   22761ms] [LOG] [Fast Refresh] done in 36ms @ webpack-internal:///(app-pages-browser)/./node_modules/next/dist/client/dev/report-hmr-latency.js:13
[   23206ms] [LOG] [Fast Refresh] rebuilding @ webpack-internal:///(app-pages-browser)/./node_modules/next/dist/client/dev/hot-reloader/app/hot-reloader-app.js:196
[   23290ms] [LOG] [Fast Refresh] done in 83ms @ webpack-internal:///(app-pages-browser)/./node_modules/next/dist/client/dev/report-hmr-latency.js:13
[   23942ms] [LOG] [Fast Refresh] rebuilding @ webpack-internal:///(app-pages-browser)/./node_modules/next/dist/client/dev/hot-reloader/app/hot-reloader-app.js:196
[   23984ms] [LOG] [Fast Refresh] done in 42ms @ webpack-internal:///(app-pages-browser)/./node_modules/next/dist/client/dev/report-hmr-latency.js:13
[   24422ms] [LOG] [Fast Refresh] rebuilding @ webpack-internal:///(app-pages-browser)/./node_modules/next/dist/client/dev/hot-reloader/app/hot-reloader-app.js:196
[   24450ms] [LOG] [Fast Refresh] done in 29ms @ webpack-internal:///(app-pages-browser)/./node_modules/next/dist/client/dev/report-hmr-latency.js:13
[   24881ms] [LOG] [Fast Refresh] rebuilding @ webpack-internal:///(app-pages-browser)/./node_modules/next/dist/client/dev/hot-reloader/app/hot-reloader-app.js:196
[   25073ms] [LOG] [Fast Refresh] done in 192ms @ webpack-internal:///(app-pages-browser)/./node_modules/next/dist/client/dev/report-hmr-latency.js:13
[   25337ms] [LOG] [Fast Refresh] rebuilding @ webpack-internal:///(app-pages-browser)/./node_modules/next/dist/client/dev/hot-reloader/app/hot-reloader-app.js:196
[   25376ms] [LOG] [Fast Refresh] done in 40ms @ webpack-internal:///(app-pages-browser)/./node_modules/next/dist/client/dev/report-hmr-latency.js:13
[   25827ms] [LOG] [Fast Refresh] rebuilding @ webpack-internal:///(app-pages-browser)/./node_modules/next/dist/client/dev/hot-reloader/app/hot-reloader-app.js:196
[   25873ms] [LOG] [Fast Refresh] done in 46ms @ webpack-internal:///(app-pages-browser)/./node_modules/next/dist/client/dev/report-hmr-latency.js:13
[   26591ms] [LOG] [Fast Refresh] rebuilding @ webpack-internal:///(app-pages-browser)/./node_modules/next/dist/client/dev/hot-reloader/app/hot-reloader-app.js:196
[   26635ms] [LOG] [Fast Refresh] done in 45ms @ webpack-internal:///(app-pages-browser)/./node_modules/next/dist/client/dev/report-hmr-latency.js:13
[   27069ms] [LOG] [Fast Refresh] rebuilding @ webpack-internal:///(app-pages-browser)/./node_modules/next/dist/client/dev/hot-reloader/app/hot-reloader-app.js:196
[   27111ms] [WARNING] Ribbit wallet not detected @ webpack-internal:///(app-pages-browser)/./node_modules/ribbit-wallet-connect/dist/index.js:23
[   27114ms] [WARNING] Ribbit wallet not detected @ webpack-internal:///(app-pages-browser)/./node_modules/ribbit-wallet-connect/dist/index.js:23
[   27318ms] [LOG] [Fast Refresh] done in 249ms @ webpack-internal:///(app-pages-browser)/./node_modules/next/dist/client/dev/report-hmr-latency.js:13
[   30455ms] [WARNING] The resource http://localhost:3000/_next/static/css/app/%5Blocale%5D/layout.css?v=1791240792207 was preloaded using link preload but not used within a few seconds from the window's load event. Please make sure it has an appropriate `as` value and it is preloaded intentionally. @ http://localhost:3000/en/governance:0
[   30455ms] [WARNING] The resource http://localhost:3000/_next/static/css/app/%5Blocale%5D/layout.css?v=1791240798877 was preloaded using link preload but not used within a few seconds from the window's load event. Please make sure it has an appropriate `as` value and it is preloaded intentionally. @ http://localhost:3000/en/governance:0
[   30455ms] [WARNING] The resource http://localhost:3000/_next/static/css/app/%5Blocale%5D/layout.css?v=1791240806915 was preloaded using link preload but not used within a few seconds from the window's load event. Please make sure it has an appropriate `as` value and it is preloaded intentionally. @ http://localhost:3000/en/governance:0
[   30455ms] [WARNING] The resource http://localhost:3000/_next/static/css/app/%5Blocale%5D/layout.css?v=1791240803292 was preloaded using link preload but not used within a few seconds from the window's load event. Please make sure it has an appropriate `as` value and it is preloaded intentionally. @ http://localhost:3000/en/governance:0
[   30455ms] [WARNING] The resource http://localhost:3000/_next/static/css/app/%5Blocale%5D/layout.css?v=1791240800110 was preloaded using link preload but not used within a few seconds from the window's load event. Please make sure it has an appropriate `as` value and it is preloaded intentionally. @ http://localhost:3000/en/governance:0
[   34061ms] [LOG] [Fast Refresh] done in 6992ms @ webpack-internal:///(app-pages-browser)/./node_modules/next/dist/client/dev/report-hmr-latency.js:13
[   34339ms] [LOG] [Fast Refresh] rebuilding @ webpack-internal:///(app-pages-browser)/./node_modules/next/dist/client/dev/hot-reloader/app/hot-reloader-app.js:196
[   35008ms] [LOG] [Fast Refresh] done in 669ms @ webpack-internal:///(app-pages-browser)/./node_modules/next/dist/client/dev/report-hmr-latency.js:13
[   35015ms] [LOG] [Fast Refresh] rebuilding @ webpack-internal:///(app-pages-browser)/./node_modules/next/dist/client/dev/hot-reloader/app/hot-reloader-app.js:196
[   35485ms] [LOG] [Fast Refresh] rebuilding @ webpack-internal:///(app-pages-browser)/./node_modules/next/dist/client/dev/hot-reloader/app/hot-reloader-app.js:196
[   35508ms] [LOG] [Fast Refresh] done in 22ms @ webpack-internal:///(app-pages-browser)/./node_modules/next/dist/client/dev/report-hmr-latency.js:13
[   37388ms] [LOG] [Fast Refresh] rebuilding @ webpack-internal:///(app-pages-browser)/./node_modules/next/dist/client/dev/hot-reloader/app/hot-reloader-app.js:196
[   37406ms] [LOG] [Fast Refresh] done in 18ms @ webpack-internal:///(app-pages-browser)/./node_modules/next/dist/client/dev/report-hmr-latency.js:13
[   39303ms] [LOG] [Fast Refresh] done in 1916ms @ webpack-internal:///(app-pages-browser)/./node_modules/next/dist/client/dev/report-hmr-latency.js:13
[   39432ms] [LOG] [Fast Refresh] rebuilding @ webpack-internal:///(app-pages-browser)/./node_modules/next/dist/client/dev/hot-reloader/app/hot-reloader-app.js:196
[   39873ms] [LOG] [Fast Refresh] done in 441ms @ webpack-internal:///(app-pages-browser)/./node_modules/next/dist/client/dev/report-hmr-latency.js:13
[   39876ms] [LOG] [Fast Refresh] rebuilding @ webpack-internal:///(app-pages-browser)/./node_modules/next/dist/client/dev/hot-reloader/app/hot-reloader-app.js:196
[   40266ms] [LOG] [Fast Refresh] rebuilding @ webpack-internal:///(app-pages-browser)/./node_modules/next/dist/client/dev/hot-reloader/app/hot-reloader-app.js:196
[   40283ms] [LOG] [Fast Refresh] done in 17ms @ webpack-internal:///(app-pages-browser)/./node_modules/next/dist/client/dev/report-hmr-latency.js:13
[   41391ms] [LOG] [Fast Refresh] rebuilding @ webpack-internal:///(app-pages-browser)/./node_modules/next/dist/client/dev/hot-reloader/app/hot-reloader-app.js:196
[   41407ms] [LOG] [Fast Refresh] done in 16ms @ webpack-internal:///(app-pages-browser)/./node_modules/next/dist/client/dev/report-hmr-latency.js:13
[   44055ms] [LOG] [Fast Refresh] rebuilding @ webpack-internal:///(app-pages-browser)/./node_modules/next/dist/client/dev/hot-reloader/app/hot-reloader-app.js:196
[   44407ms] [WARNING] The resource http://localhost:3000/_next/static/css/app/%5Blocale%5D/layout.css?v=1791240792207 was preloaded using link preload but not used within a few seconds from the window's load event. Please make sure it has an appropriate `as` value and it is preloaded intentionally. @ http://localhost:3000/en/governance:0
[   44407ms] [WARNING] The resource http://localhost:3000/_next/static/css/app/%5Blocale%5D/layout.css?v=1791240798877 was preloaded using link preload but not used within a few seconds from the window's load event. Please make sure it has an appropriate `as` value and it is preloaded intentionally. @ http://localhost:3000/en/governance:0
[   44407ms] [WARNING] The resource http://localhost:3000/_next/static/css/app/%5Blocale%5D/layout.css?v=1791240806915 was preloaded using link preload but not used within a few seconds from the window's load event. Please make sure it has an appropriate `as` value and it is preloaded intentionally. @ http://localhost:3000/en/governance:0
[   44407ms] [WARNING] The resource http://localhost:3000/_next/static/css/app/%5Blocale%5D/layout.css?v=1791240803292 was preloaded using link preload but not used within a few seconds from the window's load event. Please make sure it has an appropriate `as` value and it is preloaded intentionally. @ http://localhost:3000/en/governance:0
[   44407ms] [WARNING] The resource http://localhost:3000/_next/static/css/app/%5Blocale%5D/layout.css?v=1791240800110 was preloaded using link preload but not used within a few seconds from the window's load event. Please make sure it has an appropriate `as` value and it is preloaded intentionally. @ http://localhost:3000/en/governance:0
[   45642ms] [LOG] [Fast Refresh] done in 1587ms @ webpack-internal:///(app-pages-browser)/./node_modules/next/dist/client/dev/report-hmr-latency.js:13
[   48643ms] [WARNING] The resource http://localhost:3000/_next/static/css/app/%5Blocale%5D/layout.css?v=1791240792207 was preloaded using link preload but not used within a few seconds from the window's load event. Please make sure it has an appropriate `as` value and it is preloaded intentionally. @ http://localhost:3000/en/governance:0
[   48643ms] [WARNING] The resource http://localhost:3000/_next/static/css/app/%5Blocale%5D/layout.css?v=1791240798877 was preloaded using link preload but not used within a few seconds from the window's load event. Please make sure it has an appropriate `as` value and it is preloaded intentionally. @ http://localhost:3000/en/governance:0
[   48643ms] [WARNING] The resource http://localhost:3000/_next/static/css/app/%5Blocale%5D/layout.css?v=1791240806915 was preloaded using link preload but not used within a few seconds from the window's load event. Please make sure it has an appropriate `as` value and it is preloaded intentionally. @ http://localhost:3000/en/governance:0
[   48643ms] [WARNING] The resource http://localhost:3000/_next/static/css/app/%5Blocale%5D/layout.css?v=1791240803292 was preloaded using link preload but not used within a few seconds from the window's load event. Please make sure it has an appropriate `as` value and it is preloaded intentionally. @ http://localhost:3000/en/governance:0
[   48643ms] [WARNING] The resource http://localhost:3000/_next/static/css/app/%5Blocale%5D/layout.css?v=1791240800110 was preloaded using link preload but not used within a few seconds from the window's load event. Please make sure it has an appropriate `as` value and it is preloaded intentionally. @ http://localhost:3000/en/governance:0
[   48832ms] [LOG] [Fast Refresh] rebuilding @ webpack-internal:///(app-pages-browser)/./node_modules/next/dist/client/dev/hot-reloader/app/hot-reloader-app.js:196
[   48839ms] [LOG] [Fast Refresh] done in 8ms @ webpack-internal:///(app-pages-browser)/./node_modules/next/dist/client/dev/report-hmr-latency.js:13
[   49646ms] [LOG] [Fast Refresh] rebuilding @ webpack-internal:///(app-pages-browser)/./node_modules/next/dist/client/dev/hot-reloader/app/hot-reloader-app.js:196
[   49688ms] [LOG] [Fast Refresh] done in 42ms @ webpack-internal:///(app-pages-browser)/./node_modules/next/dist/client/dev/report-hmr-latency.js:13
[   51480ms] [LOG] [Fast Refresh] rebuilding @ webpack-internal:///(app-pages-browser)/./node_modules/next/dist/client/dev/hot-reloader/app/hot-reloader-app.js:196
[   51505ms] [LOG] [Fast Refresh] done in 25ms @ webpack-internal:///(app-pages-browser)/./node_modules/next/dist/client/dev/report-hmr-latency.js:13
[   51914ms] [LOG] [Fast Refresh] rebuilding @ webpack-internal:///(app-pages-browser)/./node_modules/next/dist/client/dev/hot-reloader/app/hot-reloader-app.js:196
[   51924ms] [LOG] [Fast Refresh] done in 9ms @ webpack-internal:///(app-pages-browser)/./node_modules/next/dist/client/dev/report-hmr-latency.js:13
[   52354ms] [LOG] [Fast Refresh] rebuilding @ webpack-internal:///(app-pages-browser)/./node_modules/next/dist/client/dev/hot-reloader/app/hot-reloader-app.js:196
[   52384ms] [LOG] [Fast Refresh] done in 29ms @ webpack-internal:///(app-pages-browser)/./node_modules/next/dist/client/dev/report-hmr-latency.js:13
[   54888ms] [LOG] [Fast Refresh] rebuilding @ webpack-internal:///(app-pages-browser)/./node_modules/next/dist/client/dev/hot-reloader/app/hot-reloader-app.js:196
[   54908ms] [LOG] [Fast Refresh] done in 20ms @ webpack-internal:///(app-pages-browser)/./node_modules/next/dist/client/dev/report-hmr-latency.js:13
[   55276ms] [LOG] [Fast Refresh] rebuilding @ webpack-internal:///(app-pages-browser)/./node_modules/next/dist/client/dev/hot-reloader/app/hot-reloader-app.js:196
[   55314ms] [LOG] [Fast Refresh] done in 38ms @ webpack-internal:///(app-pages-browser)/./node_modules/next/dist/client/dev/report-hmr-latency.js:13
[   55654ms] [LOG] [Fast Refresh] rebuilding @ webpack-internal:///(app-pages-browser)/./node_modules/next/dist/client/dev/hot-reloader/app/hot-reloader-app.js:196
[   55681ms] [LOG] [Fast Refresh] done in 28ms @ webpack-internal:///(app-pages-browser)/./node_modules/next/dist/client/dev/report-hmr-latency.js:13
[   56051ms] [LOG] [Fast Refresh] rebuilding @ webpack-internal:///(app-pages-browser)/./node_modules/next/dist/client/dev/hot-reloader/app/hot-reloader-app.js:196
[   56066ms] [LOG] [Fast Refresh] done in 16ms @ webpack-internal:///(app-pages-browser)/./node_modules/next/dist/client/dev/report-hmr-latency.js:13
[   56436ms] [LOG] [Fast Refresh] rebuilding @ webpack-internal:///(app-pages-browser)/./node_modules/next/dist/client/dev/hot-reloader/app/hot-reloader-app.js:196
[   56452ms] [LOG] [Fast Refresh] done in 15ms @ webpack-internal:///(app-pages-browser)/./node_modules/next/dist/client/dev/report-hmr-latency.js:13
[   56824ms] [LOG] [Fast Refresh] rebuilding @ webpack-internal:///(app-pages-browser)/./node_modules/next/dist/client/dev/hot-reloader/app/hot-reloader-app.js:196
[   56840ms] [LOG] [Fast Refresh] done in 16ms @ webpack-internal:///(app-pages-browser)/./node_modules/next/dist/client/dev/report-hmr-latency.js:13
[   57218ms] [LOG] [Fast Refresh] rebuilding @ webpack-internal:///(app-pages-browser)/./node_modules/next/dist/client/dev/hot-reloader/app/hot-reloader-app.js:196
[   57235ms] [LOG] [Fast Refresh] done in 18ms @ webpack-internal:///(app-pages-browser)/./node_modules/next/dist/client/dev/report-hmr-latency.js:13
[   57645ms] [LOG] [Fast Refresh] rebuilding @ webpack-internal:///(app-pages-browser)/./node_modules/next/dist/client/dev/hot-reloader/app/hot-reloader-app.js:196
[   57692ms] [LOG] [Fast Refresh] done in 47ms @ webpack-internal:///(app-pages-browser)/./node_modules/next/dist/client/dev/report-hmr-latency.js:13
[   58422ms] [LOG] [Fast Refresh] rebuilding @ webpack-internal:///(app-pages-browser)/./node_modules/next/dist/client/dev/hot-reloader/app/hot-reloader-app.js:196
[   58459ms] [LOG] [Fast Refresh] done in 36ms @ webpack-internal:///(app-pages-browser)/./node_modules/next/dist/client/dev/report-hmr-latency.js:13
[   58890ms] [LOG] [Fast Refresh] rebuilding @ webpack-internal:///(app-pages-browser)/./node_modules/next/dist/client/dev/hot-reloader/app/hot-reloader-app.js:196
[   58907ms] [LOG] [Fast Refresh] done in 18ms @ webpack-internal:///(app-pages-browser)/./node_modules/next/dist/client/dev/report-hmr-latency.js:13
[   59280ms] [LOG] [Fast Refresh] rebuilding @ webpack-internal:///(app-pages-browser)/./node_modules/next/dist/client/dev/hot-reloader/app/hot-reloader-app.js:196
[   59299ms] [LOG] [Fast Refresh] done in 19ms @ webpack-internal:///(app-pages-browser)/./node_modules/next/dist/client/dev/report-hmr-latency.js:13
[   59681ms] [LOG] [Fast Refresh] rebuilding @ webpack-internal:///(app-pages-browser)/./node_modules/next/dist/client/dev/hot-reloader/app/hot-reloader-app.js:196
[   59697ms] [LOG] [Fast Refresh] done in 16ms @ webpack-internal:///(app-pages-browser)/./node_modules/next/dist/client/dev/report-hmr-latency.js:13
[   60063ms] [LOG] [Fast Refresh] rebuilding @ webpack-internal:///(app-pages-browser)/./node_modules/next/dist/client/dev/hot-reloader/app/hot-reloader-app.js:196
[   60072ms] [LOG] [Fast Refresh] done in 9ms @ webpack-internal:///(app-pages-browser)/./node_modules/next/dist/client/dev/report-hmr-latency.js:13
[   60467ms] [LOG] [Fast Refresh] rebuilding @ webpack-internal:///(app-pages-browser)/./node_modules/next/dist/client/dev/hot-reloader/app/hot-reloader-app.js:196
[   60484ms] [LOG] [Fast Refresh] done in 18ms @ webpack-internal:///(app-pages-browser)/./node_modules/next/dist/client/dev/report-hmr-latency.js:13
[   60873ms] [LOG] [Fast Refresh] rebuilding @ webpack-internal:///(app-pages-browser)/./node_modules/next/dist/client/dev/hot-reloader/app/hot-reloader-app.js:196
[   60890ms] [LOG] [Fast Refresh] done in 17ms @ webpack-internal:///(app-pages-browser)/./node_modules/next/dist/client/dev/report-hmr-latency.js:13
[   61283ms] [LOG] [Fast Refresh] rebuilding @ webpack-internal:///(app-pages-browser)/./node_modules/next/dist/client/dev/hot-reloader/app/hot-reloader-app.js:196
[   61302ms] [LOG] [Fast Refresh] done in 19ms @ webpack-internal:///(app-pages-browser)/./node_modules/next/dist/client/dev/report-hmr-latency.js:13
[   62180ms] [LOG] [Fast Refresh] rebuilding @ webpack-internal:///(app-pages-browser)/./node_modules/next/dist/client/dev/hot-reloader/app/hot-reloader-app.js:196
[   62197ms] [LOG] [Fast Refresh] done in 17ms @ webpack-internal:///(app-pages-browser)/./node_modules/next/dist/client/dev/report-hmr-latency.js:13
[   62566ms] [LOG] [Fast Refresh] rebuilding @ webpack-internal:///(app-pages-browser)/./node_modules/next/dist/client/dev/hot-reloader/app/hot-reloader-app.js:196
[   62583ms] [LOG] [Fast Refresh] done in 17ms @ webpack-internal:///(app-pages-browser)/./node_modules/next/dist/client/dev/report-hmr-latency.js:13
[   62998ms] [LOG] [Fast Refresh] rebuilding @ webpack-internal:///(app-pages-browser)/./node_modules/next/dist/client/dev/hot-reloader/app/hot-reloader-app.js:196
[   63014ms] [LOG] [Fast Refresh] done in 16ms @ webpack-internal:///(app-pages-browser)/./node_modules/next/dist/client/dev/report-hmr-latency.js:13
[   63400ms] [LOG] [Fast Refresh] rebuilding @ webpack-internal:///(app-pages-browser)/./node_modules/next/dist/client/dev/hot-reloader/app/hot-reloader-app.js:196
[   63414ms] [LOG] [Fast Refresh] done in 14ms @ webpack-internal:///(app-pages-browser)/./node_modules/next/dist/client/dev/report-hmr-latency.js:13
[   63791ms] [LOG] [Fast Refresh] rebuilding @ webpack-internal:///(app-pages-browser)/./node_modules/next/dist/client/dev/hot-reloader/app/hot-reloader-app.js:196
[   63810ms] [LOG] [Fast Refresh] done in 19ms @ webpack-internal:///(app-pages-browser)/./node_modules/next/dist/client/dev/report-hmr-latency.js:13
[   64180ms] [LOG] [Fast Refresh] rebuilding @ webpack-internal:///(app-pages-browser)/./node_modules/next/dist/client/dev/hot-reloader/app/hot-reloader-app.js:196
[   64193ms] [LOG] [Fast Refresh] done in 14ms @ webpack-internal:///(app-pages-browser)/./node_modules/next/dist/client/dev/report-hmr-latency.js:13
[   64692ms] [LOG] [Fast Refresh] rebuilding @ webpack-internal:///(app-pages-browser)/./node_modules/next/dist/client/dev/hot-reloader/app/hot-reloader-app.js:196
[   64730ms] [LOG] [Fast Refresh] done in 39ms @ webpack-internal:///(app-pages-browser)/./node_modules/next/dist/client/dev/report-hmr-latency.js:13
[   65092ms] [LOG] [Fast Refresh] rebuilding @ webpack-internal:///(app-pages-browser)/./node_modules/next/dist/client/dev/hot-reloader/app/hot-reloader-app.js:196
[   65152ms] [LOG] [Fast Refresh] done in 60ms @ webpack-internal:///(app-pages-browser)/./node_modules/next/dist/client/dev/report-hmr-latency.js:13
[   65882ms] [LOG] [Fast Refresh] rebuilding @ webpack-internal:///(app-pages-browser)/./node_modules/next/dist/client/dev/hot-reloader/app/hot-reloader-app.js:196
[   65898ms] [LOG] [Fast Refresh] done in 16ms @ webpack-internal:///(app-pages-browser)/./node_modules/next/dist/client/dev/report-hmr-latency.js:13
[   66291ms] [LOG] [Fast Refresh] rebuilding @ webpack-internal:///(app-pages-browser)/./node_modules/next/dist/client/dev/hot-reloader/app/hot-reloader-app.js:196
[   66315ms] [LOG] [Fast Refresh] done in 23ms @ webpack-internal:///(app-pages-browser)/./node_modules/next/dist/client/dev/report-hmr-latency.js:13
[   66676ms] [LOG] [Fast Refresh] rebuilding @ webpack-internal:///(app-pages-browser)/./node_modules/next/dist/client/dev/hot-reloader/app/hot-reloader-app.js:196
[   66711ms] [LOG] [Fast Refresh] done in 34ms @ webpack-internal:///(app-pages-browser)/./node_modules/next/dist/client/dev/report-hmr-latency.js:13
[   67100ms] [LOG] [Fast Refresh] rebuilding @ webpack-internal:///(app-pages-browser)/./node_modules/next/dist/client/dev/hot-reloader/app/hot-reloader-app.js:196
[   67117ms] [LOG] [Fast Refresh] done in 17ms @ webpack-internal:///(app-pages-browser)/./node_modules/next/dist/client/dev/report-hmr-latency.js:13
[   67469ms] [LOG] [Fast Refresh] rebuilding @ webpack-internal:///(app-pages-browser)/./node_modules/next/dist/client/dev/hot-reloader/app/hot-reloader-app.js:196
[   67480ms] [LOG] [Fast Refresh] done in 11ms @ webpack-internal:///(app-pages-browser)/./node_modules/next/dist/client/dev/report-hmr-latency.js:13
[   67884ms] [LOG] [Fast Refresh] rebuilding @ webpack-internal:///(app-pages-browser)/./node_modules/next/dist/client/dev/hot-reloader/app/hot-reloader-app.js:196
[   67893ms] [LOG] [Fast Refresh] done in 9ms @ webpack-internal:///(app-pages-browser)/./node_modules/next/dist/client/dev/report-hmr-latency.js:13
[   68025ms] [WARNING] Ribbit wallet not detected @ webpack-internal:///(app-pages-browser)/./node_modules/ribbit-wallet-connect/dist/index.js:23
[   68026ms] [WARNING] Ribbit wallet not detected @ webpack-internal:///(app-pages-browser)/./node_modules/ribbit-wallet-connect/dist/index.js:23
[   68431ms] [LOG] [Fast Refresh] rebuilding @ webpack-internal:///(app-pages-browser)/./node_modules/next/dist/client/dev/hot-reloader/app/hot-reloader-app.js:196
[   68456ms] [LOG] [Fast Refresh] done in 24ms @ webpack-internal:///(app-pages-browser)/./node_modules/next/dist/client/dev/report-hmr-latency.js:13
[   68940ms] [WARNING] Ribbit wallet not detected @ webpack-internal:///(app-pages-browser)/./node_modules/ribbit-wallet-connect/dist/index.js:23
[   68940ms] [WARNING] Ribbit wallet not detected @ webpack-internal:///(app-pages-browser)/./node_modules/ribbit-wallet-connect/dist/index.js:23
[   68999ms] [LOG] [Fast Refresh] rebuilding @ webpack-internal:///(app-pages-browser)/./node_modules/next/dist/client/dev/hot-reloader/app/hot-reloader-app.js:196
[   69057ms] [LOG] [Fast Refresh] done in 57ms @ webpack-internal:///(app-pages-browser)/./node_modules/next/dist/client/dev/report-hmr-latency.js:13
[   69965ms] [LOG] [Fast Refresh] rebuilding @ webpack-internal:///(app-pages-browser)/./node_modules/next/dist/client/dev/hot-reloader/app/hot-reloader-app.js:196
[   69980ms] [LOG] [Fast Refresh] done in 15ms @ webpack-internal:///(app-pages-browser)/./node_modules/next/dist/client/dev/report-hmr-latency.js:13
[   70339ms] [LOG] [Fast Refresh] rebuilding @ webpack-internal:///(app-pages-browser)/./node_modules/next/dist/client/dev/hot-reloader/app/hot-reloader-app.js:196
[   70355ms] [LOG] [Fast Refresh] done in 16ms @ webpack-internal:///(app-pages-browser)/./node_modules/next/dist/client/dev/report-hmr-latency.js:13
[   70719ms] [LOG] [Fast Refresh] rebuilding @ webpack-internal:///(app-pages-browser)/./node_modules/next/dist/client/dev/hot-reloader/app/hot-reloader-app.js:196
[   70736ms] [LOG] [Fast Refresh] done in 17ms @ webpack-internal:///(app-pages-browser)/./node_modules/next/dist/client/dev/report-hmr-latency.js:13
[   71105ms] [LOG] [Fast Refresh] rebuilding @ webpack-internal:///(app-pages-browser)/./node_modules/next/dist/client/dev/hot-reloader/app/hot-reloader-app.js:196
[   71125ms] [LOG] [Fast Refresh] done in 19ms @ webpack-internal:///(app-pages-browser)/./node_modules/next/dist/client/dev/report-hmr-latency.js:13
[   71486ms] [LOG] [Fast Refresh] rebuilding @ webpack-internal:///(app-pages-browser)/./node_modules/next/dist/client/dev/hot-reloader/app/hot-reloader-app.js:196
[   71501ms] [LOG] [Fast Refresh] done in 15ms @ webpack-internal:///(app-pages-browser)/./node_modules/next/dist/client/dev/report-hmr-latency.js:13
[   71847ms] [LOG] [Fast Refresh] rebuilding @ webpack-internal:///(app-pages-browser)/./node_modules/next/dist/client/dev/hot-reloader/app/hot-reloader-app.js:196
[   71858ms] [LOG] [Fast Refresh] done in 12ms @ webpack-internal:///(app-pages-browser)/./node_modules/next/dist/client/dev/report-hmr-latency.js:13
[   72197ms] [LOG] [Fast Refresh] rebuilding @ webpack-internal:///(app-pages-browser)/./node_modules/next/dist/client/dev/hot-reloader/app/hot-reloader-app.js:196
[   72214ms] [LOG] [Fast Refresh] done in 16ms @ webpack-internal:///(app-pages-browser)/./node_modules/next/dist/client/dev/report-hmr-latency.js:13
[   72581ms] [LOG] [Fast Refresh] rebuilding @ webpack-internal:///(app-pages-browser)/./node_modules/next/dist/client/dev/hot-reloader/app/hot-reloader-app.js:196
[   72605ms] [LOG] [Fast Refresh] done in 24ms @ webpack-internal:///(app-pages-browser)/./node_modules/next/dist/client/dev/report-hmr-latency.js:13
[   73282ms] [LOG] [Fast Refresh] rebuilding @ webpack-internal:///(app-pages-browser)/./node_modules/next/dist/client/dev/hot-reloader/app/hot-reloader-app.js:196
[   73298ms] [LOG] [Fast Refresh] done in 15ms @ webpack-internal:///(app-pages-browser)/./node_modules/next/dist/client/dev/report-hmr-latency.js:13
[   73659ms] [LOG] [Fast Refresh] rebuilding @ webpack-internal:///(app-pages-browser)/./node_modules/next/dist/client/dev/hot-reloader/app/hot-reloader-app.js:196
[   73688ms] [LOG] [Fast Refresh] done in 29ms @ webpack-internal:///(app-pages-browser)/./node_modules/next/dist/client/dev/report-hmr-latency.js:13
[   74035ms] [LOG] [Fast Refresh] rebuilding @ webpack-internal:///(app-pages-browser)/./node_modules/next/dist/client/dev/hot-reloader/app/hot-reloader-app.js:196
[   74052ms] [LOG] [Fast Refresh] done in 16ms @ webpack-internal:///(app-pages-browser)/./node_modules/next/dist/client/dev/report-hmr-latency.js:13
[   74388ms] [LOG] [Fast Refresh] rebuilding @ webpack-internal:///(app-pages-browser)/./node_modules/next/dist/client/dev/hot-reloader/app/hot-reloader-app.js:196
[   74405ms] [LOG] [Fast Refresh] done in 16ms @ webpack-internal:///(app-pages-browser)/./node_modules/next/dist/client/dev/report-hmr-latency.js:13
[   74742ms] [LOG] [Fast Refresh] rebuilding @ webpack-internal:///(app-pages-browser)/./node_modules/next/dist/client/dev/hot-reloader/app/hot-reloader-app.js:196
[   74757ms] [LOG] [Fast Refresh] done in 16ms @ webpack-internal:///(app-pages-browser)/./node_modules/next/dist/client/dev/report-hmr-latency.js:13
[   75114ms] [LOG] [Fast Refresh] rebuilding @ webpack-internal:///(app-pages-browser)/./node_modules/next/dist/client/dev/hot-reloader/app/hot-reloader-app.js:196
[   75126ms] [LOG] [Fast Refresh] done in 12ms @ webpack-internal:///(app-pages-browser)/./node_modules/next/dist/client/dev/report-hmr-latency.js:13
[   75480ms] [LOG] [Fast Refresh] rebuilding @ webpack-internal:///(app-pages-browser)/./node_modules/next/dist/client/dev/hot-reloader/app/hot-reloader-app.js:196
[   75497ms] [LOG] [Fast Refresh] done in 17ms @ webpack-internal:///(app-pages-browser)/./node_modules/next/dist/client/dev/report-hmr-latency.js:13
[   75896ms] [LOG] [Fast Refresh] rebuilding @ webpack-internal:///(app-pages-browser)/./node_modules/next/dist/client/dev/hot-reloader/app/hot-reloader-app.js:196
[   75921ms] [LOG] [Fast Refresh] done in 25ms @ webpack-internal:///(app-pages-browser)/./node_modules/next/dist/client/dev/report-hmr-latency.js:13
[   76675ms] [LOG] [Fast Refresh] rebuilding @ webpack-internal:///(app-pages-browser)/./node_modules/next/dist/client/dev/hot-reloader/app/hot-reloader-app.js:196
[   76693ms] [LOG] [Fast Refresh] done in 18ms @ webpack-internal:///(app-pages-browser)/./node_modules/next/dist/client/dev/report-hmr-latency.js:13
[   77082ms] [LOG] [Fast Refresh] rebuilding @ webpack-internal:///(app-pages-browser)/./node_modules/next/dist/client/dev/hot-reloader/app/hot-reloader-app.js:196
[   77096ms] [LOG] [Fast Refresh] done in 15ms @ webpack-internal:///(app-pages-browser)/./node_modules/next/dist/client/dev/report-hmr-latency.js:13
[   77492ms] [LOG] [Fast Refresh] rebuilding @ webpack-internal:///(app-pages-browser)/./node_modules/next/dist/client/dev/hot-reloader/app/hot-reloader-app.js:196
[   77525ms] [LOG] [Fast Refresh] done in 34ms @ webpack-internal:///(app-pages-browser)/./node_modules/next/dist/client/dev/report-hmr-latency.js:13
[   77871ms] [LOG] [Fast Refresh] rebuilding @ webpack-internal:///(app-pages-browser)/./node_modules/next/dist/client/dev/hot-reloader/app/hot-reloader-app.js:196
[   77905ms] [LOG] [Fast Refresh] done in 34ms @ webpack-internal:///(app-pages-browser)/./node_modules/next/dist/client/dev/report-hmr-latency.js:13
[   78296ms] [LOG] [Fast Refresh] rebuilding @ webpack-internal:///(app-pages-browser)/./node_modules/next/dist/client/dev/hot-reloader/app/hot-reloader-app.js:196
[   78308ms] [LOG] [Fast Refresh] done in 13ms @ webpack-internal:///(app-pages-browser)/./node_modules/next/dist/client/dev/report-hmr-latency.js:13
[   78671ms] [LOG] [Fast Refresh] rebuilding @ webpack-internal:///(app-pages-browser)/./node_modules/next/dist/client/dev/hot-reloader/app/hot-reloader-app.js:196
[   78686ms] [LOG] [Fast Refresh] done in 15ms @ webpack-internal:///(app-pages-browser)/./node_modules/next/dist/client/dev/report-hmr-latency.js:13
[   78996ms] [LOG] [Fast Refresh] rebuilding @ webpack-internal:///(app-pages-browser)/./node_modules/next/dist/client/dev/hot-reloader/app/hot-reloader-app.js:196
[   79008ms] [LOG] [Fast Refresh] done in 11ms @ webpack-internal:///(app-pages-browser)/./node_modules/next/dist/client/dev/report-hmr-latency.js:13
[   79358ms] [LOG] [Fast Refresh] rebuilding @ webpack-internal:///(app-pages-browser)/./node_modules/next/dist/client/dev/hot-reloader/app/hot-reloader-app.js:196
[   79399ms] [LOG] [Fast Refresh] done in 41ms @ webpack-internal:///(app-pages-browser)/./node_modules/next/dist/client/dev/report-hmr-latency.js:13
[   80025ms] [LOG] [Fast Refresh] rebuilding @ webpack-internal:///(app-pages-browser)/./node_modules/next/dist/client/dev/hot-reloader/app/hot-reloader-app.js:196
[   80055ms] [LOG] [Fast Refresh] done in 30ms @ webpack-internal:///(app-pages-browser)/./node_modules/next/dist/client/dev/report-hmr-latency.js:13
[   80415ms] [LOG] [Fast Refresh] rebuilding @ webpack-internal:///(app-pages-browser)/./node_modules/next/dist/client/dev/hot-reloader/app/hot-reloader-app.js:196
[   80423ms] [LOG] [Fast Refresh] done in 8ms @ webpack-internal:///(app-pages-browser)/./node_modules/next/dist/client/dev/report-hmr-latency.js:13
[   80748ms] [LOG] [Fast Refresh] rebuilding @ webpack-internal:///(app-pages-browser)/./node_modules/next/dist/client/dev/hot-reloader/app/hot-reloader-app.js:196
[   80900ms] [LOG] [Fast Refresh] done in 153ms @ webpack-internal:///(app-pages-browser)/./node_modules/next/dist/client/dev/report-hmr-latency.js:13
[   81121ms] [LOG] [Fast Refresh] rebuilding @ webpack-internal:///(app-pages-browser)/./node_modules/next/dist/client/dev/hot-reloader/app/hot-reloader-app.js:196
[   81136ms] [LOG] [Fast Refresh] done in 15ms @ webpack-internal:///(app-pages-browser)/./node_modules/next/dist/client/dev/report-hmr-latency.js:13
[   81484ms] [LOG] [Fast Refresh] rebuilding @ webpack-internal:///(app-pages-browser)/./node_modules/next/dist/client/dev/hot-reloader/app/hot-reloader-app.js:196
[   81500ms] [LOG] [Fast Refresh] done in 15ms @ webpack-internal:///(app-pages-browser)/./node_modules/next/dist/client/dev/report-hmr-latency.js:13
[   81856ms] [LOG] [Fast Refresh] rebuilding @ webpack-internal:///(app-pages-browser)/./node_modules/next/dist/client/dev/hot-reloader/app/hot-reloader-app.js:196
[   81872ms] [LOG] [Fast Refresh] done in 17ms @ webpack-internal:///(app-pages-browser)/./node_modules/next/dist/client/dev/report-hmr-latency.js:13
[   82217ms] [LOG] [Fast Refresh] rebuilding @ webpack-internal:///(app-pages-browser)/./node_modules/next/dist/client/dev/hot-reloader/app/hot-reloader-app.js:196
[   82226ms] [LOG] [Fast Refresh] done in 9ms @ webpack-internal:///(app-pages-browser)/./node_modules/next/dist/client/dev/report-hmr-latency.js:13
[   82608ms] [LOG] [Fast Refresh] rebuilding @ webpack-internal:///(app-pages-browser)/./node_modules/next/dist/client/dev/hot-reloader/app/hot-reloader-app.js:196
[   82652ms] [LOG] [Fast Refresh] done in 45ms @ webpack-internal:///(app-pages-browser)/./node_modules/next/dist/client/dev/report-hmr-latency.js:13
[   83289ms] [LOG] [Fast Refresh] rebuilding @ webpack-internal:///(app-pages-browser)/./node_modules/next/dist/client/dev/hot-reloader/app/hot-reloader-app.js:196
[   83307ms] [LOG] [Fast Refresh] done in 18ms @ webpack-internal:///(app-pages-browser)/./node_modules/next/dist/client/dev/report-hmr-latency.js:13
[   83639ms] [LOG] [Fast Refresh] rebuilding @ webpack-internal:///(app-pages-browser)/./node_modules/next/dist/client/dev/hot-reloader/app/hot-reloader-app.js:196
[   83655ms] [LOG] [Fast Refresh] done in 16ms @ webpack-internal:///(app-pages-browser)/./node_modules/next/dist/client/dev/report-hmr-latency.js:13
[   83969ms] [LOG] [Fast Refresh] rebuilding @ webpack-internal:///(app-pages-browser)/./node_modules/next/dist/client/dev/hot-reloader/app/hot-reloader-app.js:196
[   83985ms] [LOG] [Fast Refresh] done in 16ms @ webpack-internal:///(app-pages-browser)/./node_modules/next/dist/client/dev/report-hmr-latency.js:13
[   84296ms] [LOG] [Fast Refresh] rebuilding @ webpack-internal:///(app-pages-browser)/./node_modules/next/dist/client/dev/hot-reloader/app/hot-reloader-app.js:196
[   84312ms] [LOG] [Fast Refresh] done in 17ms @ webpack-internal:///(app-pages-browser)/./node_modules/next/dist/client/dev/report-hmr-latency.js:13
[   84657ms] [LOG] [Fast Refresh] rebuilding @ webpack-internal:///(app-pages-browser)/./node_modules/next/dist/client/dev/hot-reloader/app/hot-reloader-app.js:196
[   84696ms] [LOG] [Fast Refresh] done in 40ms @ webpack-internal:///(app-pages-browser)/./node_modules/next/dist/client/dev/report-hmr-latency.js:13
[   84986ms] [LOG] [Fast Refresh] rebuilding @ webpack-internal:///(app-pages-browser)/./node_modules/next/dist/client/dev/hot-reloader/app/hot-reloader-app.js:196
[   85002ms] [LOG] [Fast Refresh] done in 15ms @ webpack-internal:///(app-pages-browser)/./node_modules/next/dist/client/dev/report-hmr-latency.js:13
[   85299ms] [LOG] [Fast Refresh] rebuilding @ webpack-internal:///(app-pages-browser)/./node_modules/next/dist/client/dev/hot-reloader/app/hot-reloader-app.js:196
[   85315ms] [LOG] [Fast Refresh] done in 17ms @ webpack-internal:///(app-pages-browser)/./node_modules/next/dist/client/dev/report-hmr-latency.js:13
[   85667ms] [LOG] [Fast Refresh] rebuilding @ webpack-internal:///(app-pages-browser)/./node_modules/next/dist/client/dev/hot-reloader/app/hot-reloader-app.js:196
[   85685ms] [LOG] [Fast Refresh] done in 19ms @ webpack-internal:///(app-pages-browser)/./node_modules/next/dist/client/dev/report-hmr-latency.js:13
[   86319ms] [LOG] [Fast Refresh] rebuilding @ webpack-internal:///(app-pages-browser)/./node_modules/next/dist/client/dev/hot-reloader/app/hot-reloader-app.js:196
[   86351ms] [LOG] [Fast Refresh] done in 32ms @ webpack-internal:///(app-pages-browser)/./node_modules/next/dist/client/dev/report-hmr-latency.js:13
[   86689ms] [LOG] [Fast Refresh] rebuilding @ webpack-internal:///(app-pages-browser)/./node_modules/next/dist/client/dev/hot-reloader/app/hot-reloader-app.js:196
[   86705ms] [LOG] [Fast Refresh] done in 16ms @ webpack-internal:///(app-pages-browser)/./node_modules/next/dist/client/dev/report-hmr-latency.js:13
[   87024ms] [LOG] [Fast Refresh] rebuilding @ webpack-internal:///(app-pages-browser)/./node_modules/next/dist/client/dev/hot-reloader/app/hot-reloader-app.js:196
[   87038ms] [LOG] [Fast Refresh] done in 14ms @ webpack-internal:///(app-pages-browser)/./node_modules/next/dist/client/dev/report-hmr-latency.js:13
[   87371ms] [LOG] [Fast Refresh] rebuilding @ webpack-internal:///(app-pages-browser)/./node_modules/next/dist/client/dev/hot-reloader/app/hot-reloader-app.js:196
[   87388ms] [LOG] [Fast Refresh] done in 18ms @ webpack-internal:///(app-pages-browser)/./node_modules/next/dist/client/dev/report-hmr-latency.js:13
[   87747ms] [LOG] [Fast Refresh] rebuilding @ webpack-internal:///(app-pages-browser)/./node_modules/next/dist/client/dev/hot-reloader/app/hot-reloader-app.js:196
[   87765ms] [LOG] [Fast Refresh] done in 19ms @ webpack-internal:///(app-pages-browser)/./node_modules/next/dist/client/dev/report-hmr-latency.js:13
[   88107ms] [LOG] [Fast Refresh] rebuilding @ webpack-internal:///(app-pages-browser)/./node_modules/next/dist/client/dev/hot-reloader/app/hot-reloader-app.js:196
[   88147ms] [LOG] [Fast Refresh] done in 40ms @ webpack-internal:///(app-pages-browser)/./node_modules/next/dist/client/dev/report-hmr-latency.js:13
[   88514ms] [LOG] [Fast Refresh] rebuilding @ webpack-internal:///(app-pages-browser)/./node_modules/next/dist/client/dev/hot-reloader/app/hot-reloader-app.js:196
[   88531ms] [LOG] [Fast Refresh] done in 17ms @ webpack-internal:///(app-pages-browser)/./node_modules/next/dist/client/dev/report-hmr-latency.js:13
[   88922ms] [LOG] [Fast Refresh] rebuilding @ webpack-internal:///(app-pages-browser)/./node_modules/next/dist/client/dev/hot-reloader/app/hot-reloader-app.js:196
[   88955ms] [LOG] [Fast Refresh] done in 33ms @ webpack-internal:///(app-pages-browser)/./node_modules/next/dist/client/dev/report-hmr-latency.js:13
[   89654ms] [LOG] [Fast Refresh] rebuilding @ webpack-internal:///(app-pages-browser)/./node_modules/next/dist/client/dev/hot-reloader/app/hot-reloader-app.js:196
[   89702ms] [LOG] [Fast Refresh] done in 48ms @ webpack-internal:///(app-pages-browser)/./node_modules/next/dist/client/dev/report-hmr-latency.js:13
[   90025ms] [LOG] [Fast Refresh] rebuilding @ webpack-internal:///(app-pages-browser)/./node_modules/next/dist/client/dev/hot-reloader/app/hot-reloader-app.js:196
[   90038ms] [LOG] [Fast Refresh] done in 14ms @ webpack-internal:///(app-pages-browser)/./node_modules/next/dist/client/dev/report-hmr-latency.js:13
[   90463ms] [LOG] [Fast Refresh] rebuilding @ webpack-internal:///(app-pages-browser)/./node_modules/next/dist/client/dev/hot-reloader/app/hot-reloader-app.js:196
[   90480ms] [LOG] [Fast Refresh] done in 18ms @ webpack-internal:///(app-pages-browser)/./node_modules/next/dist/client/dev/report-hmr-latency.js:13
[   90817ms] [LOG] [Fast Refresh] rebuilding @ webpack-internal:///(app-pages-browser)/./node_modules/next/dist/client/dev/hot-reloader/app/hot-reloader-app.js:196
[   90833ms] [LOG] [Fast Refresh] done in 16ms @ webpack-internal:///(app-pages-browser)/./node_modules/next/dist/client/dev/report-hmr-latency.js:13
[   91141ms] [LOG] [Fast Refresh] rebuilding @ webpack-internal:///(app-pages-browser)/./node_modules/next/dist/client/dev/hot-reloader/app/hot-reloader-app.js:196
[   91169ms] [LOG] [Fast Refresh] done in 27ms @ webpack-internal:///(app-pages-browser)/./node_modules/next/dist/client/dev/report-hmr-latency.js:13
[   91464ms] [LOG] [Fast Refresh] rebuilding @ webpack-internal:///(app-pages-browser)/./node_modules/next/dist/client/dev/hot-reloader/app/hot-reloader-app.js:196
[   91477ms] [LOG] [Fast Refresh] done in 13ms @ webpack-internal:///(app-pages-browser)/./node_modules/next/dist/client/dev/report-hmr-latency.js:13
[   91831ms] [LOG] [Fast Refresh] rebuilding @ webpack-internal:///(app-pages-browser)/./node_modules/next/dist/client/dev/hot-reloader/app/hot-reloader-app.js:196
[   91847ms] [LOG] [Fast Refresh] done in 17ms @ webpack-internal:///(app-pages-browser)/./node_modules/next/dist/client/dev/report-hmr-latency.js:13
[   92214ms] [LOG] [Fast Refresh] rebuilding @ webpack-internal:///(app-pages-browser)/./node_modules/next/dist/client/dev/hot-reloader/app/hot-reloader-app.js:196
[   92262ms] [LOG] [Fast Refresh] done in 49ms @ webpack-internal:///(app-pages-browser)/./node_modules/next/dist/client/dev/report-hmr-latency.js:13
[   92870ms] [LOG] [Fast Refresh] rebuilding @ webpack-internal:///(app-pages-browser)/./node_modules/next/dist/client/dev/hot-reloader/app/hot-reloader-app.js:196
[   92887ms] [LOG] [Fast Refresh] done in 17ms @ webpack-internal:///(app-pages-browser)/./node_modules/next/dist/client/dev/report-hmr-latency.js:13
[   93215ms] [LOG] [Fast Refresh] rebuilding @ webpack-internal:///(app-pages-browser)/./node_modules/next/dist/client/dev/hot-reloader/app/hot-reloader-app.js:196
[   93229ms] [LOG] [Fast Refresh] done in 14ms @ webpack-internal:///(app-pages-browser)/./node_modules/next/dist/client/dev/report-hmr-latency.js:13
[   93546ms] [LOG] [Fast Refresh] rebuilding @ webpack-internal:///(app-pages-browser)/./node_modules/next/dist/client/dev/hot-reloader/app/hot-reloader-app.js:196
[   93557ms] [LOG] [Fast Refresh] done in 11ms @ webpack-internal:///(app-pages-browser)/./node_modules/next/dist/client/dev/report-hmr-latency.js:13
[   93872ms] [LOG] [Fast Refresh] rebuilding @ webpack-internal:///(app-pages-browser)/./node_modules/next/dist/client/dev/hot-reloader/app/hot-reloader-app.js:196
[   93887ms] [LOG] [Fast Refresh] done in 16ms @ webpack-internal:///(app-pages-browser)/./node_modules/next/dist/client/dev/report-hmr-latency.js:13
[   94190ms] [LOG] [Fast Refresh] rebuilding @ webpack-internal:///(app-pages-browser)/./node_modules/next/dist/client/dev/hot-reloader/app/hot-reloader-app.js:196
[   94221ms] [LOG] [Fast Refresh] done in 31ms @ webpack-internal:///(app-pages-browser)/./node_modules/next/dist/client/dev/report-hmr-latency.js:13
[   94528ms] [LOG] [Fast Refresh] rebuilding @ webpack-internal:///(app-pages-browser)/./node_modules/next/dist/client/dev/hot-reloader/app/hot-reloader-app.js:196
[   94539ms] [LOG] [Fast Refresh] done in 11ms @ webpack-internal:///(app-pages-browser)/./node_modules/next/dist/client/dev/report-hmr-latency.js:13
[   94880ms] [LOG] [Fast Refresh] rebuilding @ webpack-internal:///(app-pages-browser)/./node_modules/next/dist/client/dev/hot-reloader/app/hot-reloader-app.js:196
[   94891ms] [LOG] [Fast Refresh] done in 12ms @ webpack-internal:///(app-pages-browser)/./node_modules/next/dist/client/dev/report-hmr-latency.js:13
[   95246ms] [LOG] [Fast Refresh] rebuilding @ webpack-internal:///(app-pages-browser)/./node_modules/next/dist/client/dev/hot-reloader/app/hot-reloader-app.js:196
[   95273ms] [LOG] [Fast Refresh] done in 27ms @ webpack-internal:///(app-pages-browser)/./node_modules/next/dist/client/dev/report-hmr-latency.js:13
[   95911ms] [LOG] [Fast Refresh] rebuilding @ webpack-internal:///(app-pages-browser)/./node_modules/next/dist/client/dev/hot-reloader/app/hot-reloader-app.js:196
[   95943ms] [LOG] [Fast Refresh] done in 32ms @ webpack-internal:///(app-pages-browser)/./node_modules/next/dist/client/dev/report-hmr-latency.js:13
[   96255ms] [LOG] [Fast Refresh] rebuilding @ webpack-internal:///(app-pages-browser)/./node_modules/next/dist/client/dev/hot-reloader/app/hot-reloader-app.js:196
[   96270ms] [LOG] [Fast Refresh] done in 14ms @ webpack-internal:///(app-pages-browser)/./node_modules/next/dist/client/dev/report-hmr-latency.js:13
[   96590ms] [LOG] [Fast Refresh] rebuilding @ webpack-internal:///(app-pages-browser)/./node_modules/next/dist/client/dev/hot-reloader/app/hot-reloader-app.js:196
[   96605ms] [LOG] [Fast Refresh] done in 15ms @ webpack-internal:///(app-pages-browser)/./node_modules/next/dist/client/dev/report-hmr-latency.js:13
[   96926ms] [LOG] [Fast Refresh] rebuilding @ webpack-internal:///(app-pages-browser)/./node_modules/next/dist/client/dev/hot-reloader/app/hot-reloader-app.js:196
[   96939ms] [LOG] [Fast Refresh] done in 13ms @ webpack-internal:///(app-pages-browser)/./node_modules/next/dist/client/dev/report-hmr-latency.js:13
[   97296ms] [LOG] [Fast Refresh] rebuilding @ webpack-internal:///(app-pages-browser)/./node_modules/next/dist/client/dev/hot-reloader/app/hot-reloader-app.js:196
[   97305ms] [LOG] [Fast Refresh] done in 8ms @ webpack-internal:///(app-pages-browser)/./node_modules/next/dist/client/dev/report-hmr-latency.js:13
[   97619ms] [LOG] [Fast Refresh] rebuilding @ webpack-internal:///(app-pages-browser)/./node_modules/next/dist/client/dev/hot-reloader/app/hot-reloader-app.js:196
[   97636ms] [LOG] [Fast Refresh] done in 18ms @ webpack-internal:///(app-pages-browser)/./node_modules/next/dist/client/dev/report-hmr-latency.js:13
[   97946ms] [LOG] [Fast Refresh] rebuilding @ webpack-internal:///(app-pages-browser)/./node_modules/next/dist/client/dev/hot-reloader/app/hot-reloader-app.js:196
[   97961ms] [LOG] [Fast Refresh] done in 15ms @ webpack-internal:///(app-pages-browser)/./node_modules/next/dist/client/dev/report-hmr-latency.js:13
[   98285ms] [LOG] [Fast Refresh] rebuilding @ webpack-internal:///(app-pages-browser)/./node_modules/next/dist/client/dev/hot-reloader/app/hot-reloader-app.js:196
[   98306ms] [LOG] [Fast Refresh] done in 21ms @ webpack-internal:///(app-pages-browser)/./node_modules/next/dist/client/dev/report-hmr-latency.js:13
[   98931ms] [LOG] [Fast Refresh] rebuilding @ webpack-internal:///(app-pages-browser)/./node_modules/next/dist/client/dev/hot-reloader/app/hot-reloader-app.js:196
[   98942ms] [LOG] [Fast Refresh] done in 10ms @ webpack-internal:///(app-pages-browser)/./node_modules/next/dist/client/dev/report-hmr-latency.js:13
[   99280ms] [LOG] [Fast Refresh] rebuilding @ webpack-internal:///(app-pages-browser)/./node_modules/next/dist/client/dev/hot-reloader/app/hot-reloader-app.js:196
[   99288ms] [LOG] [Fast Refresh] done in 7ms @ webpack-internal:///(app-pages-browser)/./node_modules/next/dist/client/dev/report-hmr-latency.js:13
[   99614ms] [LOG] [Fast Refresh] rebuilding @ webpack-internal:///(app-pages-browser)/./node_modules/next/dist/client/dev/hot-reloader/app/hot-reloader-app.js:196
[   99623ms] [LOG] [Fast Refresh] done in 9ms @ webpack-internal:///(app-pages-browser)/./node_modules/next/dist/client/dev/report-hmr-latency.js:13
[  100037ms] [LOG] [Fast Refresh] rebuilding @ webpack-internal:///(app-pages-browser)/./node_modules/next/dist/client/dev/hot-reloader/app/hot-reloader-app.js:196
[  100054ms] [LOG] [Fast Refresh] done in 17ms @ webpack-internal:///(app-pages-browser)/./node_modules/next/dist/client/dev/report-hmr-latency.js:13
[  100406ms] [LOG] [Fast Refresh] rebuilding @ webpack-internal:///(app-pages-browser)/./node_modules/next/dist/client/dev/hot-reloader/app/hot-reloader-app.js:196
[  100422ms] [LOG] [Fast Refresh] done in 16ms @ webpack-internal:///(app-pages-browser)/./node_modules/next/dist/client/dev/report-hmr-latency.js:13
[  100830ms] [LOG] [Fast Refresh] rebuilding @ webpack-internal:///(app-pages-browser)/./node_modules/next/dist/client/dev/hot-reloader/app/hot-reloader-app.js:196
[  100838ms] [LOG] [Fast Refresh] done in 9ms @ webpack-internal:///(app-pages-browser)/./node_modules/next/dist/client/dev/report-hmr-latency.js:13
[  101191ms] [LOG] [Fast Refresh] rebuilding @ webpack-internal:///(app-pages-browser)/./node_modules/next/dist/client/dev/hot-reloader/app/hot-reloader-app.js:196
[  101205ms] [LOG] [Fast Refresh] done in 14ms @ webpack-internal:///(app-pages-browser)/./node_modules/next/dist/client/dev/report-hmr-latency.js:13
[  101578ms] [LOG] [Fast Refresh] rebuilding @ webpack-internal:///(app-pages-browser)/./node_modules/next/dist/client/dev/hot-reloader/app/hot-reloader-app.js:196
[  101599ms] [LOG] [Fast Refresh] done in 22ms @ webpack-internal:///(app-pages-browser)/./node_modules/next/dist/client/dev/report-hmr-latency.js:13
[  102396ms] [LOG] [Fast Refresh] rebuilding @ webpack-internal:///(app-pages-browser)/./node_modules/next/dist/client/dev/hot-reloader/app/hot-reloader-app.js:196
[  102413ms] [LOG] [Fast Refresh] done in 16ms @ webpack-internal:///(app-pages-browser)/./node_modules/next/dist/client/dev/report-hmr-latency.js:13
[  102746ms] [LOG] [Fast Refresh] rebuilding @ webpack-internal:///(app-pages-browser)/./node_modules/next/dist/client/dev/hot-reloader/app/hot-reloader-app.js:196
[  102773ms] [LOG] [Fast Refresh] done in 26ms @ webpack-internal:///(app-pages-browser)/./node_modules/next/dist/client/dev/report-hmr-latency.js:13
[  103153ms] [LOG] [Fast Refresh] rebuilding @ webpack-internal:///(app-pages-browser)/./node_modules/next/dist/client/dev/hot-reloader/app/hot-reloader-app.js:196
[  103167ms] [LOG] [Fast Refresh] done in 15ms @ webpack-internal:///(app-pages-browser)/./node_modules/next/dist/client/dev/report-hmr-latency.js:13
[  103472ms] [LOG] [Fast Refresh] rebuilding @ webpack-internal:///(app-pages-browser)/./node_modules/next/dist/client/dev/hot-reloader/app/hot-reloader-app.js:196
[  103487ms] [LOG] [Fast Refresh] done in 15ms @ webpack-internal:///(app-pages-browser)/./node_modules/next/dist/client/dev/report-hmr-latency.js:13
[  103795ms] [LOG] [Fast Refresh] rebuilding @ webpack-internal:///(app-pages-browser)/./node_modules/next/dist/client/dev/hot-reloader/app/hot-reloader-app.js:196
[  103813ms] [LOG] [Fast Refresh] done in 19ms @ webpack-internal:///(app-pages-browser)/./node_modules/next/dist/client/dev/report-hmr-latency.js:13
[  104138ms] [LOG] [Fast Refresh] rebuilding @ webpack-internal:///(app-pages-browser)/./node_modules/next/dist/client/dev/hot-reloader/app/hot-reloader-app.js:196
[  104160ms] [LOG] [Fast Refresh] done in 23ms @ webpack-internal:///(app-pages-browser)/./node_modules/next/dist/client/dev/report-hmr-latency.js:13
[  104464ms] [LOG] [Fast Refresh] rebuilding @ webpack-internal:///(app-pages-browser)/./node_modules/next/dist/client/dev/hot-reloader/app/hot-reloader-app.js:196
[  104479ms] [LOG] [Fast Refresh] done in 14ms @ webpack-internal:///(app-pages-browser)/./node_modules/next/dist/client/dev/report-hmr-latency.js:13
[  104813ms] [LOG] [Fast Refresh] rebuilding @ webpack-internal:///(app-pages-browser)/./node_modules/next/dist/client/dev/hot-reloader/app/hot-reloader-app.js:196
[  104834ms] [LOG] [Fast Refresh] done in 21ms @ webpack-internal:///(app-pages-browser)/./node_modules/next/dist/client/dev/report-hmr-latency.js:13
[  105483ms] [LOG] [Fast Refresh] rebuilding @ webpack-internal:///(app-pages-browser)/./node_modules/next/dist/client/dev/hot-reloader/app/hot-reloader-app.js:196
[  105497ms] [LOG] [Fast Refresh] done in 14ms @ webpack-internal:///(app-pages-browser)/./node_modules/next/dist/client/dev/report-hmr-latency.js:13
[  105825ms] [LOG] [Fast Refresh] rebuilding @ webpack-internal:///(app-pages-browser)/./node_modules/next/dist/client/dev/hot-reloader/app/hot-reloader-app.js:196
[  105854ms] [LOG] [Fast Refresh] done in 29ms @ webpack-internal:///(app-pages-browser)/./node_modules/next/dist/client/dev/report-hmr-latency.js:13
[  106170ms] [LOG] [Fast Refresh] rebuilding @ webpack-internal:///(app-pages-browser)/./node_modules/next/dist/client/dev/hot-reloader/app/hot-reloader-app.js:196
[  106185ms] [LOG] [Fast Refresh] done in 14ms @ webpack-internal:///(app-pages-browser)/./node_modules/next/dist/client/dev/report-hmr-latency.js:13
[  106495ms] [LOG] [Fast Refresh] rebuilding @ webpack-internal:///(app-pages-browser)/./node_modules/next/dist/client/dev/hot-reloader/app/hot-reloader-app.js:196
[  106504ms] [LOG] [Fast Refresh] done in 8ms @ webpack-internal:///(app-pages-browser)/./node_modules/next/dist/client/dev/report-hmr-latency.js:13
[  106829ms] [LOG] [Fast Refresh] rebuilding @ webpack-internal:///(app-pages-browser)/./node_modules/next/dist/client/dev/hot-reloader/app/hot-reloader-app.js:196
[  106840ms] [LOG] [Fast Refresh] done in 12ms @ webpack-internal:///(app-pages-browser)/./node_modules/next/dist/client/dev/report-hmr-latency.js:13
[  108252ms] [LOG] [Fast Refresh] rebuilding @ webpack-internal:///(app-pages-browser)/./node_modules/next/dist/client/dev/hot-reloader/app/hot-reloader-app.js:196
[  108274ms] [LOG] [Fast Refresh] done in 21ms @ webpack-internal:///(app-pages-browser)/./node_modules/next/dist/client/dev/report-hmr-latency.js:13
[  108634ms] [LOG] [Fast Refresh] rebuilding @ webpack-internal:///(app-pages-browser)/./node_modules/next/dist/client/dev/hot-reloader/app/hot-reloader-app.js:196
[  108651ms] [LOG] [Fast Refresh] done in 18ms @ webpack-internal:///(app-pages-browser)/./node_modules/next/dist/client/dev/report-hmr-latency.js:13
[  108986ms] [LOG] [Fast Refresh] rebuilding @ webpack-internal:///(app-pages-browser)/./node_modules/next/dist/client/dev/hot-reloader/app/hot-reloader-app.js:196
[  109012ms] [LOG] [Fast Refresh] done in 26ms @ webpack-internal:///(app-pages-browser)/./node_modules/next/dist/client/dev/report-hmr-latency.js:13
[  109331ms] [LOG] [Fast Refresh] rebuilding @ webpack-internal:///(app-pages-browser)/./node_modules/next/dist/client/dev/hot-reloader/app/hot-reloader-app.js:196
[  109347ms] [LOG] [Fast Refresh] done in 15ms @ webpack-internal:///(app-pages-browser)/./node_modules/next/dist/client/dev/report-hmr-latency.js:13
[  109724ms] [LOG] [Fast Refresh] rebuilding @ webpack-internal:///(app-pages-browser)/./node_modules/next/dist/client/dev/hot-reloader/app/hot-reloader-app.js:196
[  109739ms] [LOG] [Fast Refresh] done in 15ms @ webpack-internal:///(app-pages-browser)/./node_modules/next/dist/client/dev/report-hmr-latency.js:13
[  110065ms] [LOG] [Fast Refresh] rebuilding @ webpack-internal:///(app-pages-browser)/./node_modules/next/dist/client/dev/hot-reloader/app/hot-reloader-app.js:196
[  110081ms] [LOG] [Fast Refresh] done in 16ms @ webpack-internal:///(app-pages-browser)/./node_modules/next/dist/client/dev/report-hmr-latency.js:13
[  110387ms] [LOG] [Fast Refresh] rebuilding @ webpack-internal:///(app-pages-browser)/./node_modules/next/dist/client/dev/hot-reloader/app/hot-reloader-app.js:196
[  110402ms] [LOG] [Fast Refresh] done in 15ms @ webpack-internal:///(app-pages-browser)/./node_modules/next/dist/client/dev/report-hmr-latency.js:13
[  110733ms] [LOG] [Fast Refresh] rebuilding @ webpack-internal:///(app-pages-browser)/./node_modules/next/dist/client/dev/hot-reloader/app/hot-reloader-app.js:196
[  110751ms] [LOG] [Fast Refresh] done in 19ms @ webpack-internal:///(app-pages-browser)/./node_modules/next/dist/client/dev/report-hmr-latency.js:13
[  111400ms] [LOG] [Fast Refresh] rebuilding @ webpack-internal:///(app-pages-browser)/./node_modules/next/dist/client/dev/hot-reloader/app/hot-reloader-app.js:196
[  111424ms] [LOG] [Fast Refresh] done in 24ms @ webpack-internal:///(app-pages-browser)/./node_modules/next/dist/client/dev/report-hmr-latency.js:13
[  111747ms] [LOG] [Fast Refresh] rebuilding @ webpack-internal:///(app-pages-browser)/./node_modules/next/dist/client/dev/hot-reloader/app/hot-reloader-app.js:196
[  111762ms] [LOG] [Fast Refresh] done in 14ms @ webpack-internal:///(app-pages-browser)/./node_modules/next/dist/client/dev/report-hmr-latency.js:13
[  112098ms] [LOG] [Fast Refresh] rebuilding @ webpack-internal:///(app-pages-browser)/./node_modules/next/dist/client/dev/hot-reloader/app/hot-reloader-app.js:196
[  112116ms] [LOG] [Fast Refresh] done in 19ms @ webpack-internal:///(app-pages-browser)/./node_modules/next/dist/client/dev/report-hmr-latency.js:13
[  112433ms] [LOG] [Fast Refresh] rebuilding @ webpack-internal:///(app-pages-browser)/./node_modules/next/dist/client/dev/hot-reloader/app/hot-reloader-app.js:196
[  112448ms] [LOG] [Fast Refresh] done in 16ms @ webpack-internal:///(app-pages-browser)/./node_modules/next/dist/client/dev/report-hmr-latency.js:13
[  112774ms] [LOG] [Fast Refresh] rebuilding @ webpack-internal:///(app-pages-browser)/./node_modules/next/dist/client/dev/hot-reloader/app/hot-reloader-app.js:196
[  112790ms] [LOG] [Fast Refresh] done in 15ms @ webpack-internal:///(app-pages-browser)/./node_modules/next/dist/client/dev/report-hmr-latency.js:13
[  113119ms] [LOG] [Fast Refresh] rebuilding @ webpack-internal:///(app-pages-browser)/./node_modules/next/dist/client/dev/hot-reloader/app/hot-reloader-app.js:196
[  113134ms] [LOG] [Fast Refresh] done in 15ms @ webpack-internal:///(app-pages-browser)/./node_modules/next/dist/client/dev/report-hmr-latency.js:13
[  113447ms] [LOG] [Fast Refresh] rebuilding @ webpack-internal:///(app-pages-browser)/./node_modules/next/dist/client/dev/hot-reloader/app/hot-reloader-app.js:196
[  113473ms] [LOG] [Fast Refresh] done in 26ms @ webpack-internal:///(app-pages-browser)/./node_modules/next/dist/client/dev/report-hmr-latency.js:13
[  113813ms] [LOG] [Fast Refresh] rebuilding @ webpack-internal:///(app-pages-browser)/./node_modules/next/dist/client/dev/hot-reloader/app/hot-reloader-app.js:196
[  113836ms] [LOG] [Fast Refresh] done in 23ms @ webpack-internal:///(app-pages-browser)/./node_modules/next/dist/client/dev/report-hmr-latency.js:13
[  114559ms] [LOG] [Fast Refresh] rebuilding @ webpack-internal:///(app-pages-browser)/./node_modules/next/dist/client/dev/hot-reloader/app/hot-reloader-app.js:196
[  114579ms] [LOG] [Fast Refresh] done in 19ms @ webpack-internal:///(app-pages-browser)/./node_modules/next/dist/client/dev/report-hmr-latency.js:13
[  114977ms] [LOG] [Fast Refresh] rebuilding @ webpack-internal:///(app-pages-browser)/./node_modules/next/dist/client/dev/hot-reloader/app/hot-reloader-app.js:196
[  114994ms] [LOG] [Fast Refresh] done in 17ms @ webpack-internal:///(app-pages-browser)/./node_modules/next/dist/client/dev/report-hmr-latency.js:13
[  115314ms] [LOG] [Fast Refresh] rebuilding @ webpack-internal:///(app-pages-browser)/./node_modules/next/dist/client/dev/hot-reloader/app/hot-reloader-app.js:196
[  115330ms] [LOG] [Fast Refresh] done in 17ms @ webpack-internal:///(app-pages-browser)/./node_modules/next/dist/client/dev/report-hmr-latency.js:13
[  115655ms] [LOG] [Fast Refresh] rebuilding @ webpack-internal:///(app-pages-browser)/./node_modules/next/dist/client/dev/hot-reloader/app/hot-reloader-app.js:196
[  115671ms] [LOG] [Fast Refresh] done in 17ms @ webpack-internal:///(app-pages-browser)/./node_modules/next/dist/client/dev/report-hmr-latency.js:13
[  115972ms] [LOG] [Fast Refresh] rebuilding @ webpack-internal:///(app-pages-browser)/./node_modules/next/dist/client/dev/hot-reloader/app/hot-reloader-app.js:196
[  115990ms] [LOG] [Fast Refresh] done in 18ms @ webpack-internal:///(app-pages-browser)/./node_modules/next/dist/client/dev/report-hmr-latency.js:13
[  116354ms] [LOG] [Fast Refresh] rebuilding @ webpack-internal:///(app-pages-browser)/./node_modules/next/dist/client/dev/hot-reloader/app/hot-reloader-app.js:196
[  116372ms] [LOG] [Fast Refresh] done in 18ms @ webpack-internal:///(app-pages-browser)/./node_modules/next/dist/client/dev/report-hmr-latency.js:13
[  116683ms] [LOG] [Fast Refresh] rebuilding @ webpack-internal:///(app-pages-browser)/./node_modules/next/dist/client/dev/hot-reloader/app/hot-reloader-app.js:196
[  116712ms] [LOG] [Fast Refresh] done in 29ms @ webpack-internal:///(app-pages-browser)/./node_modules/next/dist/client/dev/report-hmr-latency.js:13
[  117073ms] [LOG] [Fast Refresh] rebuilding @ webpack-internal:///(app-pages-browser)/./node_modules/next/dist/client/dev/hot-reloader/app/hot-reloader-app.js:196
[  117114ms] [LOG] [Fast Refresh] done in 41ms @ webpack-internal:///(app-pages-browser)/./node_modules/next/dist/client/dev/report-hmr-latency.js:13
[  117747ms] [LOG] [Fast Refresh] rebuilding @ webpack-internal:///(app-pages-browser)/./node_modules/next/dist/client/dev/hot-reloader/app/hot-reloader-app.js:196
[  117771ms] [LOG] [Fast Refresh] done in 25ms @ webpack-internal:///(app-pages-browser)/./node_modules/next/dist/client/dev/report-hmr-latency.js:13
[  118117ms] [LOG] [Fast Refresh] rebuilding @ webpack-internal:///(app-pages-browser)/./node_modules/next/dist/client/dev/hot-reloader/app/hot-reloader-app.js:196
[  118132ms] [LOG] [Fast Refresh] done in 14ms @ webpack-internal:///(app-pages-browser)/./node_modules/next/dist/client/dev/report-hmr-latency.js:13
[  118451ms] [LOG] [Fast Refresh] rebuilding @ webpack-internal:///(app-pages-browser)/./node_modules/next/dist/client/dev/hot-reloader/app/hot-reloader-app.js:196
[  118470ms] [LOG] [Fast Refresh] done in 19ms @ webpack-internal:///(app-pages-browser)/./node_modules/next/dist/client/dev/report-hmr-latency.js:13
[  118807ms] [LOG] [Fast Refresh] rebuilding @ webpack-internal:///(app-pages-browser)/./node_modules/next/dist/client/dev/hot-reloader/app/hot-reloader-app.js:196
[  118834ms] [LOG] [Fast Refresh] done in 28ms @ webpack-internal:///(app-pages-browser)/./node_modules/next/dist/client/dev/report-hmr-latency.js:13
[  119163ms] [LOG] [Fast Refresh] rebuilding @ webpack-internal:///(app-pages-browser)/./node_modules/next/dist/client/dev/hot-reloader/app/hot-reloader-app.js:196
[  119178ms] [LOG] [Fast Refresh] done in 16ms @ webpack-internal:///(app-pages-browser)/./node_modules/next/dist/client/dev/report-hmr-latency.js:13
[  119530ms] [LOG] [Fast Refresh] rebuilding @ webpack-internal:///(app-pages-browser)/./node_modules/next/dist/client/dev/hot-reloader/app/hot-reloader-app.js:196
[  119550ms] [LOG] [Fast Refresh] done in 19ms @ webpack-internal:///(app-pages-browser)/./node_modules/next/dist/client/dev/report-hmr-latency.js:13
[  119938ms] [LOG] [Fast Refresh] rebuilding @ webpack-internal:///(app-pages-browser)/./node_modules/next/dist/client/dev/hot-reloader/app/hot-reloader-app.js:196
[  119968ms] [LOG] [Fast Refresh] done in 29ms @ webpack-internal:///(app-pages-browser)/./node_modules/next/dist/client/dev/report-hmr-latency.js:13
[  120310ms] [LOG] [Fast Refresh] rebuilding @ webpack-internal:///(app-pages-browser)/./node_modules/next/dist/client/dev/hot-reloader/app/hot-reloader-app.js:196
[  120357ms] [LOG] [Fast Refresh] done in 46ms @ webpack-internal:///(app-pages-browser)/./node_modules/next/dist/client/dev/report-hmr-latency.js:13
[  120979ms] [LOG] [Fast Refresh] rebuilding @ webpack-internal:///(app-pages-browser)/./node_modules/next/dist/client/dev/hot-reloader/app/hot-reloader-app.js:196
[  120994ms] [LOG] [Fast Refresh] done in 14ms @ webpack-internal:///(app-pages-browser)/./node_modules/next/dist/client/dev/report-hmr-latency.js:13
[  121336ms] [LOG] [Fast Refresh] rebuilding @ webpack-internal:///(app-pages-browser)/./node_modules/next/dist/client/dev/hot-reloader/app/hot-reloader-app.js:196
[  121366ms] [LOG] [Fast Refresh] done in 29ms @ webpack-internal:///(app-pages-browser)/./node_modules/next/dist/client/dev/report-hmr-latency.js:13
[  121679ms] [LOG] [Fast Refresh] rebuilding @ webpack-internal:///(app-pages-browser)/./node_modules/next/dist/client/dev/hot-reloader/app/hot-reloader-app.js:196
[  121706ms] [LOG] [Fast Refresh] done in 28ms @ webpack-internal:///(app-pages-browser)/./node_modules/next/dist/client/dev/report-hmr-latency.js:13
[  122050ms] [LOG] [Fast Refresh] rebuilding @ webpack-internal:///(app-pages-browser)/./node_modules/next/dist/client/dev/hot-reloader/app/hot-reloader-app.js:196
[  122064ms] [LOG] [Fast Refresh] done in 14ms @ webpack-internal:///(app-pages-browser)/./node_modules/next/dist/client/dev/report-hmr-latency.js:13
[  122377ms] [LOG] [Fast Refresh] rebuilding @ webpack-internal:///(app-pages-browser)/./node_modules/next/dist/client/dev/hot-reloader/app/hot-reloader-app.js:196
[  122393ms] [LOG] [Fast Refresh] done in 15ms @ webpack-internal:///(app-pages-browser)/./node_modules/next/dist/client/dev/report-hmr-latency.js:13
[  122715ms] [LOG] [Fast Refresh] rebuilding @ webpack-internal:///(app-pages-browser)/./node_modules/next/dist/client/dev/hot-reloader/app/hot-reloader-app.js:196
[  122729ms] [LOG] [Fast Refresh] done in 14ms @ webpack-internal:///(app-pages-browser)/./node_modules/next/dist/client/dev/report-hmr-latency.js:13
[  123051ms] [LOG] [Fast Refresh] rebuilding @ webpack-internal:///(app-pages-browser)/./node_modules/next/dist/client/dev/hot-reloader/app/hot-reloader-app.js:196
[  123066ms] [LOG] [Fast Refresh] done in 15ms @ webpack-internal:///(app-pages-browser)/./node_modules/next/dist/client/dev/report-hmr-latency.js:13
[  123427ms] [LOG] [Fast Refresh] rebuilding @ webpack-internal:///(app-pages-browser)/./node_modules/next/dist/client/dev/hot-reloader/app/hot-reloader-app.js:196
[  123447ms] [LOG] [Fast Refresh] done in 21ms @ webpack-internal:///(app-pages-browser)/./node_modules/next/dist/client/dev/report-hmr-latency.js:13
[  124116ms] [LOG] [Fast Refresh] rebuilding @ webpack-internal:///(app-pages-browser)/./node_modules/next/dist/client/dev/hot-reloader/app/hot-reloader-app.js:196
[  124129ms] [LOG] [Fast Refresh] done in 12ms @ webpack-internal:///(app-pages-browser)/./node_modules/next/dist/client/dev/report-hmr-latency.js:13
[  124469ms] [LOG] [Fast Refresh] rebuilding @ webpack-internal:///(app-pages-browser)/./node_modules/next/dist/client/dev/hot-reloader/app/hot-reloader-app.js:196
[  124500ms] [LOG] [Fast Refresh] done in 30ms @ webpack-internal:///(app-pages-browser)/./node_modules/next/dist/client/dev/report-hmr-latency.js:13
[  124819ms] [LOG] [Fast Refresh] rebuilding @ webpack-internal:///(app-pages-browser)/./node_modules/next/dist/client/dev/hot-reloader/app/hot-reloader-app.js:196
[  124839ms] [LOG] [Fast Refresh] done in 19ms @ webpack-internal:///(app-pages-browser)/./node_modules/next/dist/client/dev/report-hmr-latency.js:13
[  125148ms] [LOG] [Fast Refresh] rebuilding @ webpack-internal:///(app-pages-browser)/./node_modules/next/dist/client/dev/hot-reloader/app/hot-reloader-app.js:196
[  125184ms] [LOG] [Fast Refresh] done in 37ms @ webpack-internal:///(app-pages-browser)/./node_modules/next/dist/client/dev/report-hmr-latency.js:13
[  125484ms] [LOG] [Fast Refresh] rebuilding @ webpack-internal:///(app-pages-browser)/./node_modules/next/dist/client/dev/hot-reloader/app/hot-reloader-app.js:196
[  125502ms] [LOG] [Fast Refresh] done in 18ms @ webpack-internal:///(app-pages-browser)/./node_modules/next/dist/client/dev/report-hmr-latency.js:13
[  125811ms] [LOG] [Fast Refresh] rebuilding @ webpack-internal:///(app-pages-browser)/./node_modules/next/dist/client/dev/hot-reloader/app/hot-reloader-app.js:196
[  125828ms] [LOG] [Fast Refresh] done in 17ms @ webpack-internal:///(app-pages-browser)/./node_modules/next/dist/client/dev/report-hmr-latency.js:13
[  126129ms] [LOG] [Fast Refresh] rebuilding @ webpack-internal:///(app-pages-browser)/./node_modules/next/dist/client/dev/hot-reloader/app/hot-reloader-app.js:196
[  126144ms] [LOG] [Fast Refresh] done in 15ms @ webpack-internal:///(app-pages-browser)/./node_modules/next/dist/client/dev/report-hmr-latency.js:13
[  126489ms] [LOG] [Fast Refresh] rebuilding @ webpack-internal:///(app-pages-browser)/./node_modules/next/dist/client/dev/hot-reloader/app/hot-reloader-app.js:196
[  126534ms] [LOG] [Fast Refresh] done in 45ms @ webpack-internal:///(app-pages-browser)/./node_modules/next/dist/client/dev/report-hmr-latency.js:13
[  127113ms] [LOG] [Fast Refresh] rebuilding @ webpack-internal:///(app-pages-browser)/./node_modules/next/dist/client/dev/hot-reloader/app/hot-reloader-app.js:196
[  127134ms] [LOG] [Fast Refresh] done in 20ms @ webpack-internal:///(app-pages-browser)/./node_modules/next/dist/client/dev/report-hmr-latency.js:13
[  127454ms] [LOG] [Fast Refresh] rebuilding @ webpack-internal:///(app-pages-browser)/./node_modules/next/dist/client/dev/hot-reloader/app/hot-reloader-app.js:196
[  127471ms] [LOG] [Fast Refresh] done in 17ms @ webpack-internal:///(app-pages-browser)/./node_modules/next/dist/client/dev/report-hmr-latency.js:13
[  127796ms] [LOG] [Fast Refresh] rebuilding @ webpack-internal:///(app-pages-browser)/./node_modules/next/dist/client/dev/hot-reloader/app/hot-reloader-app.js:196
[  127804ms] [LOG] [Fast Refresh] done in 8ms @ webpack-internal:///(app-pages-browser)/./node_modules/next/dist/client/dev/report-hmr-latency.js:13
[  128027ms] [WARNING] Ribbit wallet not detected @ webpack-internal:///(app-pages-browser)/./node_modules/ribbit-wallet-connect/dist/index.js:23
[  128028ms] [WARNING] Ribbit wallet not detected @ webpack-internal:///(app-pages-browser)/./node_modules/ribbit-wallet-connect/dist/index.js:23
[  128148ms] [LOG] [Fast Refresh] rebuilding @ webpack-internal:///(app-pages-browser)/./node_modules/next/dist/client/dev/hot-reloader/app/hot-reloader-app.js:196
[  128176ms] [LOG] [Fast Refresh] done in 28ms @ webpack-internal:///(app-pages-browser)/./node_modules/next/dist/client/dev/report-hmr-latency.js:13
[  128489ms] [LOG] [Fast Refresh] rebuilding @ webpack-internal:///(app-pages-browser)/./node_modules/next/dist/client/dev/hot-reloader/app/hot-reloader-app.js:196
[  128516ms] [LOG] [Fast Refresh] done in 28ms @ webpack-internal:///(app-pages-browser)/./node_modules/next/dist/client/dev/report-hmr-latency.js:13
[  128853ms] [WARNING] Ribbit wallet not detected @ webpack-internal:///(app-pages-browser)/./node_modules/ribbit-wallet-connect/dist/index.js:23
[  128853ms] [WARNING] Ribbit wallet not detected @ webpack-internal:///(app-pages-browser)/./node_modules/ribbit-wallet-connect/dist/index.js:23
[  128880ms] [LOG] [Fast Refresh] rebuilding @ webpack-internal:///(app-pages-browser)/./node_modules/next/dist/client/dev/hot-reloader/app/hot-reloader-app.js:196
[  128887ms] [LOG] [Fast Refresh] done in 8ms @ webpack-internal:///(app-pages-browser)/./node_modules/next/dist/client/dev/report-hmr-latency.js:13
[  129266ms] [LOG] [Fast Refresh] rebuilding @ webpack-internal:///(app-pages-browser)/./node_modules/next/dist/client/dev/hot-reloader/app/hot-reloader-app.js:196
[  129320ms] [LOG] [Fast Refresh] done in 55ms @ webpack-internal:///(app-pages-browser)/./node_modules/next/dist/client/dev/report-hmr-latency.js:13
[  129665ms] [LOG] [Fast Refresh] rebuilding @ webpack-internal:///(app-pages-browser)/./node_modules/next/dist/client/dev/hot-reloader/app/hot-reloader-app.js:196
[  129685ms] [LOG] [Fast Refresh] done in 19ms @ webpack-internal:///(app-pages-browser)/./node_modules/next/dist/client/dev/report-hmr-latency.js:13
[  130261ms] [LOG] [Fast Refresh] rebuilding @ webpack-internal:///(app-pages-browser)/./node_modules/next/dist/client/dev/hot-reloader/app/hot-reloader-app.js:196
[  130279ms] [LOG] [Fast Refresh] done in 18ms @ webpack-internal:///(app-pages-browser)/./node_modules/next/dist/client/dev/report-hmr-latency.js:13
[  130600ms] [LOG] [Fast Refresh] rebuilding @ webpack-internal:///(app-pages-browser)/./node_modules/next/dist/client/dev/hot-reloader/app/hot-reloader-app.js:196
[  130616ms] [LOG] [Fast Refresh] done in 15ms @ webpack-internal:///(app-pages-browser)/./node_modules/next/dist/client/dev/report-hmr-latency.js:13
[  130922ms] [LOG] [Fast Refresh] rebuilding @ webpack-internal:///(app-pages-browser)/./node_modules/next/dist/client/dev/hot-reloader/app/hot-reloader-app.js:196
[  130952ms] [LOG] [Fast Refresh] done in 30ms @ webpack-internal:///(app-pages-browser)/./node_modules/next/dist/client/dev/report-hmr-latency.js:13
[  131265ms] [LOG] [Fast Refresh] rebuilding @ webpack-internal:///(app-pages-browser)/./node_modules/next/dist/client/dev/hot-reloader/app/hot-reloader-app.js:196
[  131314ms] [LOG] [Fast Refresh] done in 48ms @ webpack-internal:///(app-pages-browser)/./node_modules/next/dist/client/dev/report-hmr-latency.js:13
[  131610ms] [LOG] [Fast Refresh] rebuilding @ webpack-internal:///(app-pages-browser)/./node_modules/next/dist/client/dev/hot-reloader/app/hot-reloader-app.js:196
[  131623ms] [LOG] [Fast Refresh] done in 13ms @ webpack-internal:///(app-pages-browser)/./node_modules/next/dist/client/dev/report-hmr-latency.js:13
[  131936ms] [LOG] [Fast Refresh] rebuilding @ webpack-internal:///(app-pages-browser)/./node_modules/next/dist/client/dev/hot-reloader/app/hot-reloader-app.js:196
[  131952ms] [LOG] [Fast Refresh] done in 17ms @ webpack-internal:///(app-pages-browser)/./node_modules/next/dist/client/dev/report-hmr-latency.js:13
[  132268ms] [LOG] [Fast Refresh] rebuilding @ webpack-internal:///(app-pages-browser)/./node_modules/next/dist/client/dev/hot-reloader/app/hot-reloader-app.js:196
[  132295ms] [LOG] [Fast Refresh] done in 28ms @ webpack-internal:///(app-pages-browser)/./node_modules/next/dist/client/dev/report-hmr-latency.js:13
[  132639ms] [LOG] [Fast Refresh] rebuilding @ webpack-internal:///(app-pages-browser)/./node_modules/next/dist/client/dev/hot-reloader/app/hot-reloader-app.js:196
[  132861ms] [LOG] [Fast Refresh] done in 223ms @ webpack-internal:///(app-pages-browser)/./node_modules/next/dist/client/dev/report-hmr-latency.js:13
[  133329ms] [LOG] [Fast Refresh] rebuilding @ webpack-internal:///(app-pages-browser)/./node_modules/next/dist/client/dev/hot-reloader/app/hot-reloader-app.js:196
[  133348ms] [LOG] [Fast Refresh] done in 19ms @ webpack-internal:///(app-pages-browser)/./node_modules/next/dist/client/dev/report-hmr-latency.js:13
[  133687ms] [LOG] [Fast Refresh] rebuilding @ webpack-internal:///(app-pages-browser)/./node_modules/next/dist/client/dev/hot-reloader/app/hot-reloader-app.js:196
[  133703ms] [LOG] [Fast Refresh] done in 16ms @ webpack-internal:///(app-pages-browser)/./node_modules/next/dist/client/dev/report-hmr-latency.js:13
[  134022ms] [LOG] [Fast Refresh] rebuilding @ webpack-internal:///(app-pages-browser)/./node_modules/next/dist/client/dev/hot-reloader/app/hot-reloader-app.js:196
[  134049ms] [LOG] [Fast Refresh] done in 28ms @ webpack-internal:///(app-pages-browser)/./node_modules/next/dist/client/dev/report-hmr-latency.js:13
[  134362ms] [LOG] [Fast Refresh] rebuilding @ webpack-internal:///(app-pages-browser)/./node_modules/next/dist/client/dev/hot-reloader/app/hot-reloader-app.js:196
[  134393ms] [LOG] [Fast Refresh] done in 32ms @ webpack-internal:///(app-pages-browser)/./node_modules/next/dist/client/dev/report-hmr-latency.js:13
[  134685ms] [LOG] [Fast Refresh] rebuilding @ webpack-internal:///(app-pages-browser)/./node_modules/next/dist/client/dev/hot-reloader/app/hot-reloader-app.js:196
[  134704ms] [LOG] [Fast Refresh] done in 19ms @ webpack-internal:///(app-pages-browser)/./node_modules/next/dist/client/dev/report-hmr-latency.js:13
[  135004ms] [LOG] [Fast Refresh] rebuilding @ webpack-internal:///(app-pages-browser)/./node_modules/next/dist/client/dev/hot-reloader/app/hot-reloader-app.js:196
[  135032ms] [LOG] [Fast Refresh] done in 27ms @ webpack-internal:///(app-pages-browser)/./node_modules/next/dist/client/dev/report-hmr-latency.js:13
[  135335ms] [LOG] [Fast Refresh] rebuilding @ webpack-internal:///(app-pages-browser)/./node_modules/next/dist/client/dev/hot-reloader/app/hot-reloader-app.js:196
[  135353ms] [LOG] [Fast Refresh] done in 18ms @ webpack-internal:///(app-pages-browser)/./node_modules/next/dist/client/dev/report-hmr-latency.js:13
[  135837ms] [LOG] [Fast Refresh] rebuilding @ webpack-internal:///(app-pages-browser)/./node_modules/next/dist/client/dev/hot-reloader/app/hot-reloader-app.js:196
[  135880ms] [LOG] [Fast Refresh] done in 44ms @ webpack-internal:///(app-pages-browser)/./node_modules/next/dist/client/dev/report-hmr-latency.js:13
[  136479ms] [LOG] [Fast Refresh] rebuilding @ webpack-internal:///(app-pages-browser)/./node_modules/next/dist/client/dev/hot-reloader/app/hot-reloader-app.js:196
[  136533ms] [LOG] [Fast Refresh] done in 54ms @ webpack-internal:///(app-pages-browser)/./node_modules/next/dist/client/dev/report-hmr-latency.js:13
[  136870ms] [LOG] [Fast Refresh] rebuilding @ webpack-internal:///(app-pages-browser)/./node_modules/next/dist/client/dev/hot-reloader/app/hot-reloader-app.js:196
[  136899ms] [LOG] [Fast Refresh] done in 30ms @ webpack-internal:///(app-pages-browser)/./node_modules/next/dist/client/dev/report-hmr-latency.js:13
[  137215ms] [LOG] [Fast Refresh] rebuilding @ webpack-internal:///(app-pages-browser)/./node_modules/next/dist/client/dev/hot-reloader/app/hot-reloader-app.js:196
[  137245ms] [LOG] [Fast Refresh] done in 29ms @ webpack-internal:///(app-pages-browser)/./node_modules/next/dist/client/dev/report-hmr-latency.js:13
[  137579ms] [LOG] [Fast Refresh] rebuilding @ webpack-internal:///(app-pages-browser)/./node_modules/next/dist/client/dev/hot-reloader/app/hot-reloader-app.js:196
[  137604ms] [LOG] [Fast Refresh] done in 25ms @ webpack-internal:///(app-pages-browser)/./node_modules/next/dist/client/dev/report-hmr-latency.js:13
[  137914ms] [LOG] [Fast Refresh] rebuilding @ webpack-internal:///(app-pages-browser)/./node_modules/next/dist/client/dev/hot-reloader/app/hot-reloader-app.js:196
[  137929ms] [LOG] [Fast Refresh] done in 14ms @ webpack-internal:///(app-pages-browser)/./node_modules/next/dist/client/dev/report-hmr-latency.js:13
[  138230ms] [LOG] [Fast Refresh] rebuilding @ webpack-internal:///(app-pages-browser)/./node_modules/next/dist/client/dev/hot-reloader/app/hot-reloader-app.js:196
[  138245ms] [LOG] [Fast Refresh] done in 15ms @ webpack-internal:///(app-pages-browser)/./node_modules/next/dist/client/dev/report-hmr-latency.js:13
[  138563ms] [LOG] [Fast Refresh] rebuilding @ webpack-internal:///(app-pages-browser)/./node_modules/next/dist/client/dev/hot-reloader/app/hot-reloader-app.js:196
[  138581ms] [LOG] [Fast Refresh] done in 17ms @ webpack-internal:///(app-pages-browser)/./node_modules/next/dist/client/dev/report-hmr-latency.js:13
[  138914ms] [LOG] [Fast Refresh] rebuilding @ webpack-internal:///(app-pages-browser)/./node_modules/next/dist/client/dev/hot-reloader/app/hot-reloader-app.js:196
[  138962ms] [LOG] [Fast Refresh] done in 48ms @ webpack-internal:///(app-pages-browser)/./node_modules/next/dist/client/dev/report-hmr-latency.js:13
[  139527ms] [LOG] [Fast Refresh] rebuilding @ webpack-internal:///(app-pages-browser)/./node_modules/next/dist/client/dev/hot-reloader/app/hot-reloader-app.js:196
[  139539ms] [LOG] [Fast Refresh] done in 12ms @ webpack-internal:///(app-pages-browser)/./node_modules/next/dist/client/dev/report-hmr-latency.js:13
[  139868ms] [LOG] [Fast Refresh] rebuilding @ webpack-internal:///(app-pages-browser)/./node_modules/next/dist/client/dev/hot-reloader/app/hot-reloader-app.js:196
[  139887ms] [LOG] [Fast Refresh] done in 19ms @ webpack-internal:///(app-pages-browser)/./node_modules/next/dist/client/dev/report-hmr-latency.js:13
[  140205ms] [LOG] [Fast Refresh] rebuilding @ webpack-internal:///(app-pages-browser)/./node_modules/next/dist/client/dev/hot-reloader/app/hot-reloader-app.js:196
[  140232ms] [LOG] [Fast Refresh] done in 27ms @ webpack-internal:///(app-pages-browser)/./node_modules/next/dist/client/dev/report-hmr-latency.js:13
[  140545ms] [LOG] [Fast Refresh] rebuilding @ webpack-internal:///(app-pages-browser)/./node_modules/next/dist/client/dev/hot-reloader/app/hot-reloader-app.js:196
[  140560ms] [LOG] [Fast Refresh] done in 15ms @ webpack-internal:///(app-pages-browser)/./node_modules/next/dist/client/dev/report-hmr-latency.js:13
[  140872ms] [LOG] [Fast Refresh] rebuilding @ webpack-internal:///(app-pages-browser)/./node_modules/next/dist/client/dev/hot-reloader/app/hot-reloader-app.js:196
[  140899ms] [LOG] [Fast Refresh] done in 28ms @ webpack-internal:///(app-pages-browser)/./node_modules/next/dist/client/dev/report-hmr-latency.js:13
[  141198ms] [LOG] [Fast Refresh] rebuilding @ webpack-internal:///(app-pages-browser)/./node_modules/next/dist/client/dev/hot-reloader/app/hot-reloader-app.js:196
[  141231ms] [LOG] [Fast Refresh] done in 34ms @ webpack-internal:///(app-pages-browser)/./node_modules/next/dist/client/dev/report-hmr-latency.js:13
[  141536ms] [LOG] [Fast Refresh] rebuilding @ webpack-internal:///(app-pages-browser)/./node_modules/next/dist/client/dev/hot-reloader/app/hot-reloader-app.js:196
[  141564ms] [LOG] [Fast Refresh] done in 28ms @ webpack-internal:///(app-pages-browser)/./node_modules/next/dist/client/dev/report-hmr-latency.js:13
[  141896ms] [LOG] [Fast Refresh] rebuilding @ webpack-internal:///(app-pages-browser)/./node_modules/next/dist/client/dev/hot-reloader/app/hot-reloader-app.js:196
[  141937ms] [LOG] [Fast Refresh] done in 42ms @ webpack-internal:///(app-pages-browser)/./node_modules/next/dist/client/dev/report-hmr-latency.js:13
[  142515ms] [LOG] [Fast Refresh] rebuilding @ webpack-internal:///(app-pages-browser)/./node_modules/next/dist/client/dev/hot-reloader/app/hot-reloader-app.js:196
[  142545ms] [LOG] [Fast Refresh] done in 30ms @ webpack-internal:///(app-pages-browser)/./node_modules/next/dist/client/dev/report-hmr-latency.js:13
[  142852ms] [LOG] [Fast Refresh] rebuilding @ webpack-internal:///(app-pages-browser)/./node_modules/next/dist/client/dev/hot-reloader/app/hot-reloader-app.js:196
[  142869ms] [LOG] [Fast Refresh] done in 18ms @ webpack-internal:///(app-pages-browser)/./node_modules/next/dist/client/dev/report-hmr-latency.js:13
[  143187ms] [LOG] [Fast Refresh] rebuilding @ webpack-internal:///(app-pages-browser)/./node_modules/next/dist/client/dev/hot-reloader/app/hot-reloader-app.js:196
[  143214ms] [LOG] [Fast Refresh] done in 28ms @ webpack-internal:///(app-pages-browser)/./node_modules/next/dist/client/dev/report-hmr-latency.js:13
[  143567ms] [LOG] [Fast Refresh] rebuilding @ webpack-internal:///(app-pages-browser)/./node_modules/next/dist/client/dev/hot-reloader/app/hot-reloader-app.js:196
[  143586ms] [LOG] [Fast Refresh] done in 20ms @ webpack-internal:///(app-pages-browser)/./node_modules/next/dist/client/dev/report-hmr-latency.js:13
[  143932ms] [LOG] [Fast Refresh] rebuilding @ webpack-internal:///(app-pages-browser)/./node_modules/next/dist/client/dev/hot-reloader/app/hot-reloader-app.js:196
[  143963ms] [LOG] [Fast Refresh] done in 31ms @ webpack-internal:///(app-pages-browser)/./node_modules/next/dist/client/dev/report-hmr-latency.js:13
[  144276ms] [LOG] [Fast Refresh] rebuilding @ webpack-internal:///(app-pages-browser)/./node_modules/next/dist/client/dev/hot-reloader/app/hot-reloader-app.js:196
[  144314ms] [LOG] [Fast Refresh] done in 38ms @ webpack-internal:///(app-pages-browser)/./node_modules/next/dist/client/dev/report-hmr-latency.js:13
[  144634ms] [LOG] [Fast Refresh] rebuilding @ webpack-internal:///(app-pages-browser)/./node_modules/next/dist/client/dev/hot-reloader/app/hot-reloader-app.js:196
[  144654ms] [LOG] [Fast Refresh] done in 20ms @ webpack-internal:///(app-pages-browser)/./node_modules/next/dist/client/dev/report-hmr-latency.js:13
[  145004ms] [LOG] [Fast Refresh] rebuilding @ webpack-internal:///(app-pages-browser)/./node_modules/next/dist/client/dev/hot-reloader/app/hot-reloader-app.js:196
[  145053ms] [LOG] [Fast Refresh] done in 49ms @ webpack-internal:///(app-pages-browser)/./node_modules/next/dist/client/dev/report-hmr-latency.js:13
[  145694ms] [LOG] [Fast Refresh] rebuilding @ webpack-internal:///(app-pages-browser)/./node_modules/next/dist/client/dev/hot-reloader/app/hot-reloader-app.js:196
[  145720ms] [LOG] [Fast Refresh] done in 26ms @ webpack-internal:///(app-pages-browser)/./node_modules/next/dist/client/dev/report-hmr-latency.js:13
[  146034ms] [LOG] [Fast Refresh] rebuilding @ webpack-internal:///(app-pages-browser)/./node_modules/next/dist/client/dev/hot-reloader/app/hot-reloader-app.js:196
[  146051ms] [LOG] [Fast Refresh] done in 16ms @ webpack-internal:///(app-pages-browser)/./node_modules/next/dist/client/dev/report-hmr-latency.js:13
[  146375ms] [LOG] [Fast Refresh] rebuilding @ webpack-internal:///(app-pages-browser)/./node_modules/next/dist/client/dev/hot-reloader/app/hot-reloader-app.js:196
[  146400ms] [LOG] [Fast Refresh] done in 25ms @ webpack-internal:///(app-pages-browser)/./node_modules/next/dist/client/dev/report-hmr-latency.js:13
[  146719ms] [LOG] [Fast Refresh] rebuilding @ webpack-internal:///(app-pages-browser)/./node_modules/next/dist/client/dev/hot-reloader/app/hot-reloader-app.js:196
[  146746ms] [LOG] [Fast Refresh] done in 28ms @ webpack-internal:///(app-pages-browser)/./node_modules/next/dist/client/dev/report-hmr-latency.js:13
[  147043ms] [LOG] [Fast Refresh] rebuilding @ webpack-internal:///(app-pages-browser)/./node_modules/next/dist/client/dev/hot-reloader/app/hot-reloader-app.js:196
[  147069ms] [LOG] [Fast Refresh] done in 25ms @ webpack-internal:///(app-pages-browser)/./node_modules/next/dist/client/dev/report-hmr-latency.js:13
[  147366ms] [LOG] [Fast Refresh] rebuilding @ webpack-internal:///(app-pages-browser)/./node_modules/next/dist/client/dev/hot-reloader/app/hot-reloader-app.js:196
[  147384ms] [LOG] [Fast Refresh] done in 19ms @ webpack-internal:///(app-pages-browser)/./node_modules/next/dist/client/dev/report-hmr-latency.js:13
[  147688ms] [LOG] [Fast Refresh] rebuilding @ webpack-internal:///(app-pages-browser)/./node_modules/next/dist/client/dev/hot-reloader/app/hot-reloader-app.js:196
[  147717ms] [LOG] [Fast Refresh] done in 29ms @ webpack-internal:///(app-pages-browser)/./node_modules/next/dist/client/dev/report-hmr-latency.js:13
[  148030ms] [LOG] [Fast Refresh] rebuilding @ webpack-internal:///(app-pages-browser)/./node_modules/next/dist/client/dev/hot-reloader/app/hot-reloader-app.js:196
[  148055ms] [LOG] [Fast Refresh] done in 24ms @ webpack-internal:///(app-pages-browser)/./node_modules/next/dist/client/dev/report-hmr-latency.js:13
[  148631ms] [LOG] [Fast Refresh] rebuilding @ webpack-internal:///(app-pages-browser)/./node_modules/next/dist/client/dev/hot-reloader/app/hot-reloader-app.js:196
[  148646ms] [LOG] [Fast Refresh] done in 15ms @ webpack-internal:///(app-pages-browser)/./node_modules/next/dist/client/dev/report-hmr-latency.js:13
[  148979ms] [LOG] [Fast Refresh] rebuilding @ webpack-internal:///(app-pages-browser)/./node_modules/next/dist/client/dev/hot-reloader/app/hot-reloader-app.js:196
[  148995ms] [LOG] [Fast Refresh] done in 16ms @ webpack-internal:///(app-pages-browser)/./node_modules/next/dist/client/dev/report-hmr-latency.js:13
[  149312ms] [LOG] [Fast Refresh] rebuilding @ webpack-internal:///(app-pages-browser)/./node_modules/next/dist/client/dev/hot-reloader/app/hot-reloader-app.js:196
[  149327ms] [LOG] [Fast Refresh] done in 15ms @ webpack-internal:///(app-pages-browser)/./node_modules/next/dist/client/dev/report-hmr-latency.js:13
[  149658ms] [LOG] [Fast Refresh] rebuilding @ webpack-internal:///(app-pages-browser)/./node_modules/next/dist/client/dev/hot-reloader/app/hot-reloader-app.js:196
[  149686ms] [LOG] [Fast Refresh] done in 28ms @ webpack-internal:///(app-pages-browser)/./node_modules/next/dist/client/dev/report-hmr-latency.js:13
[  149981ms] [LOG] [Fast Refresh] rebuilding @ webpack-internal:///(app-pages-browser)/./node_modules/next/dist/client/dev/hot-reloader/app/hot-reloader-app.js:196
[  149997ms] [LOG] [Fast Refresh] done in 17ms @ webpack-internal:///(app-pages-browser)/./node_modules/next/dist/client/dev/report-hmr-latency.js:13
[  150296ms] [LOG] [Fast Refresh] rebuilding @ webpack-internal:///(app-pages-browser)/./node_modules/next/dist/client/dev/hot-reloader/app/hot-reloader-app.js:196
[  150313ms] [LOG] [Fast Refresh] done in 17ms @ webpack-internal:///(app-pages-browser)/./node_modules/next/dist/client/dev/report-hmr-latency.js:13
[  150637ms] [LOG] [Fast Refresh] rebuilding @ webpack-internal:///(app-pages-browser)/./node_modules/next/dist/client/dev/hot-reloader/app/hot-reloader-app.js:196
[  150667ms] [LOG] [Fast Refresh] done in 31ms @ webpack-internal:///(app-pages-browser)/./node_modules/next/dist/client/dev/report-hmr-latency.js:13
[  150994ms] [LOG] [Fast Refresh] rebuilding @ webpack-internal:///(app-pages-browser)/./node_modules/next/dist/client/dev/hot-reloader/app/hot-reloader-app.js:196
[  151044ms] [LOG] [Fast Refresh] done in 49ms @ webpack-internal:///(app-pages-browser)/./node_modules/next/dist/client/dev/report-hmr-latency.js:13
[  151648ms] [LOG] [Fast Refresh] rebuilding @ webpack-internal:///(app-pages-browser)/./node_modules/next/dist/client/dev/hot-reloader/app/hot-reloader-app.js:196
[  151802ms] [LOG] [Fast Refresh] done in 155ms @ webpack-internal:///(app-pages-browser)/./node_modules/next/dist/client/dev/report-hmr-latency.js:13
[  152031ms] [LOG] [Fast Refresh] rebuilding @ webpack-internal:///(app-pages-browser)/./node_modules/next/dist/client/dev/hot-reloader/app/hot-reloader-app.js:196
[  152042ms] [LOG] [Fast Refresh] done in 12ms @ webpack-internal:///(app-pages-browser)/./node_modules/next/dist/client/dev/report-hmr-latency.js:13
[  152378ms] [LOG] [Fast Refresh] rebuilding @ webpack-internal:///(app-pages-browser)/./node_modules/next/dist/client/dev/hot-reloader/app/hot-reloader-app.js:196
[  152394ms] [LOG] [Fast Refresh] done in 15ms @ webpack-internal:///(app-pages-browser)/./node_modules/next/dist/client/dev/report-hmr-latency.js:13
[  152717ms] [LOG] [Fast Refresh] rebuilding @ webpack-internal:///(app-pages-browser)/./node_modules/next/dist/client/dev/hot-reloader/app/hot-reloader-app.js:196
[  152732ms] [LOG] [Fast Refresh] done in 15ms @ webpack-internal:///(app-pages-browser)/./node_modules/next/dist/client/dev/report-hmr-latency.js:13
[  153084ms] [LOG] [Fast Refresh] rebuilding @ webpack-internal:///(app-pages-browser)/./node_modules/next/dist/client/dev/hot-reloader/app/hot-reloader-app.js:196
[  153098ms] [LOG] [Fast Refresh] done in 15ms @ webpack-internal:///(app-pages-browser)/./node_modules/next/dist/client/dev/report-hmr-latency.js:13
[  153415ms] [LOG] [Fast Refresh] rebuilding @ webpack-internal:///(app-pages-browser)/./node_modules/next/dist/client/dev/hot-reloader/app/hot-reloader-app.js:196
[  153426ms] [LOG] [Fast Refresh] done in 10ms @ webpack-internal:///(app-pages-browser)/./node_modules/next/dist/client/dev/report-hmr-latency.js:13
[  153730ms] [LOG] [Fast Refresh] rebuilding @ webpack-internal:///(app-pages-browser)/./node_modules/next/dist/client/dev/hot-reloader/app/hot-reloader-app.js:196
[  153746ms] [LOG] [Fast Refresh] done in 16ms @ webpack-internal:///(app-pages-browser)/./node_modules/next/dist/client/dev/report-hmr-latency.js:13
[  154075ms] [LOG] [Fast Refresh] rebuilding @ webpack-internal:///(app-pages-browser)/./node_modules/next/dist/client/dev/hot-reloader/app/hot-reloader-app.js:196
[  154097ms] [LOG] [Fast Refresh] done in 21ms @ webpack-internal:///(app-pages-browser)/./node_modules/next/dist/client/dev/report-hmr-latency.js:13
[  154681ms] [LOG] [Fast Refresh] rebuilding @ webpack-internal:///(app-pages-browser)/./node_modules/next/dist/client/dev/hot-reloader/app/hot-reloader-app.js:196
[  154696ms] [LOG] [Fast Refresh] done in 14ms @ webpack-internal:///(app-pages-browser)/./node_modules/next/dist/client/dev/report-hmr-latency.js:13
[  155032ms] [LOG] [Fast Refresh] rebuilding @ webpack-internal:///(app-pages-browser)/./node_modules/next/dist/client/dev/hot-reloader/app/hot-reloader-app.js:196
[  155078ms] [LOG] [Fast Refresh] done in 46ms @ webpack-internal:///(app-pages-browser)/./node_modules/next/dist/client/dev/report-hmr-latency.js:13
[  155427ms] [LOG] [Fast Refresh] rebuilding @ webpack-internal:///(app-pages-browser)/./node_modules/next/dist/client/dev/hot-reloader/app/hot-reloader-app.js:196
[  155444ms] [LOG] [Fast Refresh] done in 17ms @ webpack-internal:///(app-pages-browser)/./node_modules/next/dist/client/dev/report-hmr-latency.js:13
[  155836ms] [LOG] [Fast Refresh] rebuilding @ webpack-internal:///(app-pages-browser)/./node_modules/next/dist/client/dev/hot-reloader/app/hot-reloader-app.js:196
[  155866ms] [LOG] [Fast Refresh] done in 29ms @ webpack-internal:///(app-pages-browser)/./node_modules/next/dist/client/dev/report-hmr-latency.js:13
[  156169ms] [LOG] [Fast Refresh] rebuilding @ webpack-internal:///(app-pages-browser)/./node_modules/next/dist/client/dev/hot-reloader/app/hot-reloader-app.js:196
[  156181ms] [LOG] [Fast Refresh] done in 11ms @ webpack-internal:///(app-pages-browser)/./node_modules/next/dist/client/dev/report-hmr-latency.js:13
[  156510ms] [LOG] [Fast Refresh] rebuilding @ webpack-internal:///(app-pages-browser)/./node_modules/next/dist/client/dev/hot-reloader/app/hot-reloader-app.js:196
[  156521ms] [LOG] [Fast Refresh] done in 11ms @ webpack-internal:///(app-pages-browser)/./node_modules/next/dist/client/dev/report-hmr-latency.js:13
[  156828ms] [LOG] [Fast Refresh] rebuilding @ webpack-internal:///(app-pages-browser)/./node_modules/next/dist/client/dev/hot-reloader/app/hot-reloader-app.js:196
[  156845ms] [LOG] [Fast Refresh] done in 18ms @ webpack-internal:///(app-pages-browser)/./node_modules/next/dist/client/dev/report-hmr-latency.js:13
[  157184ms] [LOG] [Fast Refresh] rebuilding @ webpack-internal:///(app-pages-browser)/./node_modules/next/dist/client/dev/hot-reloader/app/hot-reloader-app.js:196
[  157210ms] [LOG] [Fast Refresh] done in 26ms @ webpack-internal:///(app-pages-browser)/./node_modules/next/dist/client/dev/report-hmr-latency.js:13
[  157818ms] [LOG] [Fast Refresh] rebuilding @ webpack-internal:///(app-pages-browser)/./node_modules/next/dist/client/dev/hot-reloader/app/hot-reloader-app.js:196
[  157837ms] [LOG] [Fast Refresh] done in 20ms @ webpack-internal:///(app-pages-browser)/./node_modules/next/dist/client/dev/report-hmr-latency.js:13
[  158160ms] [LOG] [Fast Refresh] rebuilding @ webpack-internal:///(app-pages-browser)/./node_modules/next/dist/client/dev/hot-reloader/app/hot-reloader-app.js:196
[  158175ms] [LOG] [Fast Refresh] done in 15ms @ webpack-internal:///(app-pages-browser)/./node_modules/next/dist/client/dev/report-hmr-latency.js:13
[  158535ms] [LOG] [Fast Refresh] rebuilding @ webpack-internal:///(app-pages-browser)/./node_modules/next/dist/client/dev/hot-reloader/app/hot-reloader-app.js:196
[  158565ms] [LOG] [Fast Refresh] done in 30ms @ webpack-internal:///(app-pages-browser)/./node_modules/next/dist/client/dev/report-hmr-latency.js:13
[  158868ms] [LOG] [Fast Refresh] rebuilding @ webpack-internal:///(app-pages-browser)/./node_modules/next/dist/client/dev/hot-reloader/app/hot-reloader-app.js:196
[  158887ms] [LOG] [Fast Refresh] done in 19ms @ webpack-internal:///(app-pages-browser)/./node_modules/next/dist/client/dev/report-hmr-latency.js:13
[  159320ms] [LOG] [Fast Refresh] rebuilding @ webpack-internal:///(app-pages-browser)/./node_modules/next/dist/client/dev/hot-reloader/app/hot-reloader-app.js:196
[  159378ms] [LOG] [Fast Refresh] done in 58ms @ webpack-internal:///(app-pages-browser)/./node_modules/next/dist/client/dev/report-hmr-latency.js:13
[  159831ms] [LOG] [Fast Refresh] rebuilding @ webpack-internal:///(app-pages-browser)/./node_modules/next/dist/client/dev/hot-reloader/app/hot-reloader-app.js:196
[  159850ms] [LOG] [Fast Refresh] done in 19ms @ webpack-internal:///(app-pages-browser)/./node_modules/next/dist/client/dev/report-hmr-latency.js:13
[  160158ms] [LOG] [Fast Refresh] rebuilding @ webpack-internal:///(app-pages-browser)/./node_modules/next/dist/client/dev/hot-reloader/app/hot-reloader-app.js:196
[  160184ms] [LOG] [Fast Refresh] done in 26ms @ webpack-internal:///(app-pages-browser)/./node_modules/next/dist/client/dev/report-hmr-latency.js:13
[  160485ms] [LOG] [Fast Refresh] rebuilding @ webpack-internal:///(app-pages-browser)/./node_modules/next/dist/client/dev/hot-reloader/app/hot-reloader-app.js:196
[  160527ms] [LOG] [Fast Refresh] done in 41ms @ webpack-internal:///(app-pages-browser)/./node_modules/next/dist/client/dev/report-hmr-latency.js:13
[  161084ms] [LOG] [Fast Refresh] rebuilding @ webpack-internal:///(app-pages-browser)/./node_modules/next/dist/client/dev/hot-reloader/app/hot-reloader-app.js:196
[  161101ms] [LOG] [Fast Refresh] done in 17ms @ webpack-internal:///(app-pages-browser)/./node_modules/next/dist/client/dev/report-hmr-latency.js:13
[  161421ms] [LOG] [Fast Refresh] rebuilding @ webpack-internal:///(app-pages-browser)/./node_modules/next/dist/client/dev/hot-reloader/app/hot-reloader-app.js:196
[  161449ms] [LOG] [Fast Refresh] done in 28ms @ webpack-internal:///(app-pages-browser)/./node_modules/next/dist/client/dev/report-hmr-latency.js:13
[  161765ms] [LOG] [Fast Refresh] rebuilding @ webpack-internal:///(app-pages-browser)/./node_modules/next/dist/client/dev/hot-reloader/app/hot-reloader-app.js:196
[  161776ms] [LOG] [Fast Refresh] done in 11ms @ webpack-internal:///(app-pages-browser)/./node_modules/next/dist/client/dev/report-hmr-latency.js:13
[  162114ms] [LOG] [Fast Refresh] rebuilding @ webpack-internal:///(app-pages-browser)/./node_modules/next/dist/client/dev/hot-reloader/app/hot-reloader-app.js:196
[  162180ms] [LOG] [Fast Refresh] done in 67ms @ webpack-internal:///(app-pages-browser)/./node_modules/next/dist/client/dev/report-hmr-latency.js:13
[  162521ms] [LOG] [Fast Refresh] rebuilding @ webpack-internal:///(app-pages-browser)/./node_modules/next/dist/client/dev/hot-reloader/app/hot-reloader-app.js:196
[  162550ms] [LOG] [Fast Refresh] done in 29ms @ webpack-internal:///(app-pages-browser)/./node_modules/next/dist/client/dev/report-hmr-latency.js:13
[  162874ms] [LOG] [Fast Refresh] rebuilding @ webpack-internal:///(app-pages-browser)/./node_modules/next/dist/client/dev/hot-reloader/app/hot-reloader-app.js:196
[  162899ms] [LOG] [Fast Refresh] done in 26ms @ webpack-internal:///(app-pages-browser)/./node_modules/next/dist/client/dev/report-hmr-latency.js:13
[  163210ms] [LOG] [Fast Refresh] rebuilding @ webpack-internal:///(app-pages-browser)/./node_modules/next/dist/client/dev/hot-reloader/app/hot-reloader-app.js:196
[  163236ms] [LOG] [Fast Refresh] done in 25ms @ webpack-internal:///(app-pages-browser)/./node_modules/next/dist/client/dev/report-hmr-latency.js:13
[  163550ms] [LOG] [Fast Refresh] rebuilding @ webpack-internal:///(app-pages-browser)/./node_modules/next/dist/client/dev/hot-reloader/app/hot-reloader-app.js:196
[  163593ms] [LOG] [Fast Refresh] done in 44ms @ webpack-internal:///(app-pages-browser)/./node_modules/next/dist/client/dev/report-hmr-latency.js:13
[  164243ms] [LOG] [Fast Refresh] rebuilding @ webpack-internal:///(app-pages-browser)/./node_modules/next/dist/client/dev/hot-reloader/app/hot-reloader-app.js:196
[  164259ms] [LOG] [Fast Refresh] done in 17ms @ webpack-internal:///(app-pages-browser)/./node_modules/next/dist/client/dev/report-hmr-latency.js:13
[  164627ms] [LOG] [Fast Refresh] rebuilding @ webpack-internal:///(app-pages-browser)/./node_modules/next/dist/client/dev/hot-reloader/app/hot-reloader-app.js:196
[  164643ms] [LOG] [Fast Refresh] done in 17ms @ webpack-internal:///(app-pages-browser)/./node_modules/next/dist/client/dev/report-hmr-latency.js:13
[  164984ms] [LOG] [Fast Refresh] rebuilding @ webpack-internal:///(app-pages-browser)/./node_modules/next/dist/client/dev/hot-reloader/app/hot-reloader-app.js:196
[  165002ms] [LOG] [Fast Refresh] done in 18ms @ webpack-internal:///(app-pages-browser)/./node_modules/next/dist/client/dev/report-hmr-latency.js:13
[  165360ms] [LOG] [Fast Refresh] rebuilding @ webpack-internal:///(app-pages-browser)/./node_modules/next/dist/client/dev/hot-reloader/app/hot-reloader-app.js:196
[  165385ms] [LOG] [Fast Refresh] done in 25ms @ webpack-internal:///(app-pages-browser)/./node_modules/next/dist/client/dev/report-hmr-latency.js:13
[  165683ms] [LOG] [Fast Refresh] rebuilding @ webpack-internal:///(app-pages-browser)/./node_modules/next/dist/client/dev/hot-reloader/app/hot-reloader-app.js:196
[  165701ms] [LOG] [Fast Refresh] done in 18ms @ webpack-internal:///(app-pages-browser)/./node_modules/next/dist/client/dev/report-hmr-latency.js:13
[  166005ms] [LOG] [Fast Refresh] rebuilding @ webpack-internal:///(app-pages-browser)/./node_modules/next/dist/client/dev/hot-reloader/app/hot-reloader-app.js:196
[  166031ms] [LOG] [Fast Refresh] done in 27ms @ webpack-internal:///(app-pages-browser)/./node_modules/next/dist/client/dev/report-hmr-latency.js:13
[  166327ms] [LOG] [Fast Refresh] rebuilding @ webpack-internal:///(app-pages-browser)/./node_modules/next/dist/client/dev/hot-reloader/app/hot-reloader-app.js:196
[  166354ms] [LOG] [Fast Refresh] done in 28ms @ webpack-internal:///(app-pages-browser)/./node_modules/next/dist/client/dev/report-hmr-latency.js:13
[  166737ms] [LOG] [Fast Refresh] rebuilding @ webpack-internal:///(app-pages-browser)/./node_modules/next/dist/client/dev/hot-reloader/app/hot-reloader-app.js:196
[  166786ms] [LOG] [Fast Refresh] done in 48ms @ webpack-internal:///(app-pages-browser)/./node_modules/next/dist/client/dev/report-hmr-latency.js:13
[  167300ms] [LOG] [Fast Refresh] rebuilding @ webpack-internal:///(app-pages-browser)/./node_modules/next/dist/client/dev/hot-reloader/app/hot-reloader-app.js:196
[  167319ms] [LOG] [Fast Refresh] done in 20ms @ webpack-internal:///(app-pages-browser)/./node_modules/next/dist/client/dev/report-hmr-latency.js:13
[  167643ms] [LOG] [Fast Refresh] rebuilding @ webpack-internal:///(app-pages-browser)/./node_modules/next/dist/client/dev/hot-reloader/app/hot-reloader-app.js:196
[  167656ms] [LOG] [Fast Refresh] done in 14ms @ webpack-internal:///(app-pages-browser)/./node_modules/next/dist/client/dev/report-hmr-latency.js:13
[  167982ms] [LOG] [Fast Refresh] rebuilding @ webpack-internal:///(app-pages-browser)/./node_modules/next/dist/client/dev/hot-reloader/app/hot-reloader-app.js:196
[  168000ms] [LOG] [Fast Refresh] done in 18ms @ webpack-internal:///(app-pages-browser)/./node_modules/next/dist/client/dev/report-hmr-latency.js:13
[  168308ms] [LOG] [Fast Refresh] rebuilding @ webpack-internal:///(app-pages-browser)/./node_modules/next/dist/client/dev/hot-reloader/app/hot-reloader-app.js:196
[  168320ms] [LOG] [Fast Refresh] done in 13ms @ webpack-internal:///(app-pages-browser)/./node_modules/next/dist/client/dev/report-hmr-latency.js:13
[  168630ms] [LOG] [Fast Refresh] rebuilding @ webpack-internal:///(app-pages-browser)/./node_modules/next/dist/client/dev/hot-reloader/app/hot-reloader-app.js:196
[  168645ms] [LOG] [Fast Refresh] done in 15ms @ webpack-internal:///(app-pages-browser)/./node_modules/next/dist/client/dev/report-hmr-latency.js:13
[  168965ms] [LOG] [Fast Refresh] rebuilding @ webpack-internal:///(app-pages-browser)/./node_modules/next/dist/client/dev/hot-reloader/app/hot-reloader-app.js:196
[  168980ms] [LOG] [Fast Refresh] done in 16ms @ webpack-internal:///(app-pages-browser)/./node_modules/next/dist/client/dev/report-hmr-latency.js:13
[  169286ms] [LOG] [Fast Refresh] rebuilding @ webpack-internal:///(app-pages-browser)/./node_modules/next/dist/client/dev/hot-reloader/app/hot-reloader-app.js:196
[  169315ms] [LOG] [Fast Refresh] done in 28ms @ webpack-internal:///(app-pages-browser)/./node_modules/next/dist/client/dev/report-hmr-latency.js:13
[  169643ms] [LOG] [Fast Refresh] rebuilding @ webpack-internal:///(app-pages-browser)/./node_modules/next/dist/client/dev/hot-reloader/app/hot-reloader-app.js:196
[  169686ms] [LOG] [Fast Refresh] done in 43ms @ webpack-internal:///(app-pages-browser)/./node_modules/next/dist/client/dev/report-hmr-latency.js:13
[  170370ms] [LOG] [Fast Refresh] rebuilding @ webpack-internal:///(app-pages-browser)/./node_modules/next/dist/client/dev/hot-reloader/app/hot-reloader-app.js:196
[  170384ms] [LOG] [Fast Refresh] done in 15ms @ webpack-internal:///(app-pages-browser)/./node_modules/next/dist/client/dev/report-hmr-latency.js:13
[  170743ms] [LOG] [Fast Refresh] rebuilding @ webpack-internal:///(app-pages-browser)/./node_modules/next/dist/client/dev/hot-reloader/app/hot-reloader-app.js:196
[  170758ms] [LOG] [Fast Refresh] done in 15ms @ webpack-internal:///(app-pages-browser)/./node_modules/next/dist/client/dev/report-hmr-latency.js:13
[  171112ms] [LOG] [Fast Refresh] rebuilding @ webpack-internal:///(app-pages-browser)/./node_modules/next/dist/client/dev/hot-reloader/app/hot-reloader-app.js:196
[  171129ms] [LOG] [Fast Refresh] done in 16ms @ webpack-internal:///(app-pages-browser)/./node_modules/next/dist/client/dev/report-hmr-latency.js:13
[  171461ms] [LOG] [Fast Refresh] rebuilding @ webpack-internal:///(app-pages-browser)/./node_modules/next/dist/client/dev/hot-reloader/app/hot-reloader-app.js:196
[  171488ms] [LOG] [Fast Refresh] done in 27ms @ webpack-internal:///(app-pages-browser)/./node_modules/next/dist/client/dev/report-hmr-latency.js:13
[  171798ms] [LOG] [Fast Refresh] rebuilding @ webpack-internal:///(app-pages-browser)/./node_modules/next/dist/client/dev/hot-reloader/app/hot-reloader-app.js:196
[  171831ms] [LOG] [Fast Refresh] done in 33ms @ webpack-internal:///(app-pages-browser)/./node_modules/next/dist/client/dev/report-hmr-latency.js:13
[  172142ms] [LOG] [Fast Refresh] rebuilding @ webpack-internal:///(app-pages-browser)/./node_modules/next/dist/client/dev/hot-reloader/app/hot-reloader-app.js:196
[  172153ms] [LOG] [Fast Refresh] done in 10ms @ webpack-internal:///(app-pages-browser)/./node_modules/next/dist/client/dev/report-hmr-latency.js:13
[  172458ms] [LOG] [Fast Refresh] rebuilding @ webpack-internal:///(app-pages-browser)/./node_modules/next/dist/client/dev/hot-reloader/app/hot-reloader-app.js:196
[  172482ms] [LOG] [Fast Refresh] done in 24ms @ webpack-internal:///(app-pages-browser)/./node_modules/next/dist/client/dev/report-hmr-latency.js:13
[  172814ms] [LOG] [Fast Refresh] rebuilding @ webpack-internal:///(app-pages-browser)/./node_modules/next/dist/client/dev/hot-reloader/app/hot-reloader-app.js:196
[  172856ms] [LOG] [Fast Refresh] done in 42ms @ webpack-internal:///(app-pages-browser)/./node_modules/next/dist/client/dev/report-hmr-latency.js:13
[  173440ms] [LOG] [Fast Refresh] rebuilding @ webpack-internal:///(app-pages-browser)/./node_modules/next/dist/client/dev/hot-reloader/app/hot-reloader-app.js:196
[  173458ms] [LOG] [Fast Refresh] done in 18ms @ webpack-internal:///(app-pages-browser)/./node_modules/next/dist/client/dev/report-hmr-latency.js:13
[  173795ms] [LOG] [Fast Refresh] rebuilding @ webpack-internal:///(app-pages-browser)/./node_modules/next/dist/client/dev/hot-reloader/app/hot-reloader-app.js:196
[  173803ms] [LOG] [Fast Refresh] done in 8ms @ webpack-internal:///(app-pages-browser)/./node_modules/next/dist/client/dev/report-hmr-latency.js:13
[  174118ms] [LOG] [Fast Refresh] rebuilding @ webpack-internal:///(app-pages-browser)/./node_modules/next/dist/client/dev/hot-reloader/app/hot-reloader-app.js:196
[  174135ms] [LOG] [Fast Refresh] done in 17ms @ webpack-internal:///(app-pages-browser)/./node_modules/next/dist/client/dev/report-hmr-latency.js:13
[  174459ms] [LOG] [Fast Refresh] rebuilding @ webpack-internal:///(app-pages-browser)/./node_modules/next/dist/client/dev/hot-reloader/app/hot-reloader-app.js:196
[  174481ms] [LOG] [Fast Refresh] done in 23ms @ webpack-internal:///(app-pages-browser)/./node_modules/next/dist/client/dev/report-hmr-latency.js:13
[  174809ms] [LOG] [Fast Refresh] rebuilding @ webpack-internal:///(app-pages-browser)/./node_modules/next/dist/client/dev/hot-reloader/app/hot-reloader-app.js:196
[  174824ms] [LOG] [Fast Refresh] done in 14ms @ webpack-internal:///(app-pages-browser)/./node_modules/next/dist/client/dev/report-hmr-latency.js:13
[  175128ms] [LOG] [Fast Refresh] rebuilding @ webpack-internal:///(app-pages-browser)/./node_modules/next/dist/client/dev/hot-reloader/app/hot-reloader-app.js:196
[  175143ms] [LOG] [Fast Refresh] done in 16ms @ webpack-internal:///(app-pages-browser)/./node_modules/next/dist/client/dev/report-hmr-latency.js:13
[  175444ms] [LOG] [Fast Refresh] rebuilding @ webpack-internal:///(app-pages-browser)/./node_modules/next/dist/client/dev/hot-reloader/app/hot-reloader-app.js:196
[  175459ms] [LOG] [Fast Refresh] done in 14ms @ webpack-internal:///(app-pages-browser)/./node_modules/next/dist/client/dev/report-hmr-latency.js:13
[  175808ms] [LOG] [Fast Refresh] rebuilding @ webpack-internal:///(app-pages-browser)/./node_modules/next/dist/client/dev/hot-reloader/app/hot-reloader-app.js:196
[  175832ms] [LOG] [Fast Refresh] done in 24ms @ webpack-internal:///(app-pages-browser)/./node_modules/next/dist/client/dev/report-hmr-latency.js:13
[  176425ms] [LOG] [Fast Refresh] rebuilding @ webpack-internal:///(app-pages-browser)/./node_modules/next/dist/client/dev/hot-reloader/app/hot-reloader-app.js:196
[  176434ms] [LOG] [Fast Refresh] done in 8ms @ webpack-internal:///(app-pages-browser)/./node_modules/next/dist/client/dev/report-hmr-latency.js:13
[  176776ms] [LOG] [Fast Refresh] rebuilding @ webpack-internal:///(app-pages-browser)/./node_modules/next/dist/client/dev/hot-reloader/app/hot-reloader-app.js:196
[  176803ms] [LOG] [Fast Refresh] done in 26ms @ webpack-internal:///(app-pages-browser)/./node_modules/next/dist/client/dev/report-hmr-latency.js:13
[  177116ms] [LOG] [Fast Refresh] rebuilding @ webpack-internal:///(app-pages-browser)/./node_modules/next/dist/client/dev/hot-reloader/app/hot-reloader-app.js:196
[  177148ms] [LOG] [Fast Refresh] done in 32ms @ webpack-internal:///(app-pages-browser)/./node_modules/next/dist/client/dev/report-hmr-latency.js:13
[  177469ms] [LOG] [Fast Refresh] rebuilding @ webpack-internal:///(app-pages-browser)/./node_modules/next/dist/client/dev/hot-reloader/app/hot-reloader-app.js:196
[  177497ms] [LOG] [Fast Refresh] done in 28ms @ webpack-internal:///(app-pages-browser)/./node_modules/next/dist/client/dev/report-hmr-latency.js:13
[  177831ms] [LOG] [Fast Refresh] rebuilding @ webpack-internal:///(app-pages-browser)/./node_modules/next/dist/client/dev/hot-reloader/app/hot-reloader-app.js:196
[  177850ms] [LOG] [Fast Refresh] done in 19ms @ webpack-internal:///(app-pages-browser)/./node_modules/next/dist/client/dev/report-hmr-latency.js:13
[  178161ms] [LOG] [Fast Refresh] rebuilding @ webpack-internal:///(app-pages-browser)/./node_modules/next/dist/client/dev/hot-reloader/app/hot-reloader-app.js:196
[  178177ms] [LOG] [Fast Refresh] done in 15ms @ webpack-internal:///(app-pages-browser)/./node_modules/next/dist/client/dev/report-hmr-latency.js:13
[  178479ms] [LOG] [Fast Refresh] rebuilding @ webpack-internal:///(app-pages-browser)/./node_modules/next/dist/client/dev/hot-reloader/app/hot-reloader-app.js:196
[  178497ms] [LOG] [Fast Refresh] done in 18ms @ webpack-internal:///(app-pages-browser)/./node_modules/next/dist/client/dev/report-hmr-latency.js:13
[  178831ms] [LOG] [Fast Refresh] rebuilding @ webpack-internal:///(app-pages-browser)/./node_modules/next/dist/client/dev/hot-reloader/app/hot-reloader-app.js:196
[  178880ms] [LOG] [Fast Refresh] done in 49ms @ webpack-internal:///(app-pages-browser)/./node_modules/next/dist/client/dev/report-hmr-latency.js:13
[  179517ms] [LOG] [Fast Refresh] rebuilding @ webpack-internal:///(app-pages-browser)/./node_modules/next/dist/client/dev/hot-reloader/app/hot-reloader-app.js:196
[  179561ms] [LOG] [Fast Refresh] done in 44ms @ webpack-internal:///(app-pages-browser)/./node_modules/next/dist/client/dev/report-hmr-latency.js:13
[  179916ms] [LOG] [Fast Refresh] rebuilding @ webpack-internal:///(app-pages-browser)/./node_modules/next/dist/client/dev/hot-reloader/app/hot-reloader-app.js:196
[  179933ms] [LOG] [Fast Refresh] done in 17ms @ webpack-internal:///(app-pages-browser)/./node_modules/next/dist/client/dev/report-hmr-latency.js:13
[  180280ms] [LOG] [Fast Refresh] rebuilding @ webpack-internal:///(app-pages-browser)/./node_modules/next/dist/client/dev/hot-reloader/app/hot-reloader-app.js:196
[  180291ms] [LOG] [Fast Refresh] done in 12ms @ webpack-internal:///(app-pages-browser)/./node_modules/next/dist/client/dev/report-hmr-latency.js:13
[  180644ms] [LOG] [Fast Refresh] rebuilding @ webpack-internal:///(app-pages-browser)/./node_modules/next/dist/client/dev/hot-reloader/app/hot-reloader-app.js:196
[  180664ms] [LOG] [Fast Refresh] done in 20ms @ webpack-internal:///(app-pages-browser)/./node_modules/next/dist/client/dev/report-hmr-latency.js:13
[  180998ms] [LOG] [Fast Refresh] rebuilding @ webpack-internal:///(app-pages-browser)/./node_modules/next/dist/client/dev/hot-reloader/app/hot-reloader-app.js:196
[  181013ms] [LOG] [Fast Refresh] done in 16ms @ webpack-internal:///(app-pages-browser)/./node_modules/next/dist/client/dev/report-hmr-latency.js:13
[  181346ms] [LOG] [Fast Refresh] rebuilding @ webpack-internal:///(app-pages-browser)/./node_modules/next/dist/client/dev/hot-reloader/app/hot-reloader-app.js:196
[  181362ms] [LOG] [Fast Refresh] done in 16ms @ webpack-internal:///(app-pages-browser)/./node_modules/next/dist/client/dev/report-hmr-latency.js:13
[  181773ms] [LOG] [Fast Refresh] rebuilding @ webpack-internal:///(app-pages-browser)/./node_modules/next/dist/client/dev/hot-reloader/app/hot-reloader-app.js:196
[  181786ms] [LOG] [Fast Refresh] done in 12ms @ webpack-internal:///(app-pages-browser)/./node_modules/next/dist/client/dev/report-hmr-latency.js:13
[  182160ms] [LOG] [Fast Refresh] rebuilding @ webpack-internal:///(app-pages-browser)/./node_modules/next/dist/client/dev/hot-reloader/app/hot-reloader-app.js:196
[  182184ms] [LOG] [Fast Refresh] done in 24ms @ webpack-internal:///(app-pages-browser)/./node_modules/next/dist/client/dev/report-hmr-latency.js:13
[  182757ms] [LOG] [Fast Refresh] rebuilding @ webpack-internal:///(app-pages-browser)/./node_modules/next/dist/client/dev/hot-reloader/app/hot-reloader-app.js:196
[  182768ms] [LOG] [Fast Refresh] done in 10ms @ webpack-internal:///(app-pages-browser)/./node_modules/next/dist/client/dev/report-hmr-latency.js:13
[  183127ms] [LOG] [Fast Refresh] rebuilding @ webpack-internal:///(app-pages-browser)/./node_modules/next/dist/client/dev/hot-reloader/app/hot-reloader-app.js:196
[  183145ms] [LOG] [Fast Refresh] done in 17ms @ webpack-internal:///(app-pages-browser)/./node_modules/next/dist/client/dev/report-hmr-latency.js:13
[  183458ms] [LOG] [Fast Refresh] rebuilding @ webpack-internal:///(app-pages-browser)/./node_modules/next/dist/client/dev/hot-reloader/app/hot-reloader-app.js:196
[  183469ms] [LOG] [Fast Refresh] done in 11ms @ webpack-internal:///(app-pages-browser)/./node_modules/next/dist/client/dev/report-hmr-latency.js:13
[  183792ms] [LOG] [Fast Refresh] rebuilding @ webpack-internal:///(app-pages-browser)/./node_modules/next/dist/client/dev/hot-reloader/app/hot-reloader-app.js:196
[  183803ms] [LOG] [Fast Refresh] done in 12ms @ webpack-internal:///(app-pages-browser)/./node_modules/next/dist/client/dev/report-hmr-latency.js:13
[  184150ms] [LOG] [Fast Refresh] rebuilding @ webpack-internal:///(app-pages-browser)/./node_modules/next/dist/client/dev/hot-reloader/app/hot-reloader-app.js:196
[  184212ms] [LOG] [Fast Refresh] done in 61ms @ webpack-internal:///(app-pages-browser)/./node_modules/next/dist/client/dev/report-hmr-latency.js:13
[  184553ms] [LOG] [Fast Refresh] rebuilding @ webpack-internal:///(app-pages-browser)/./node_modules/next/dist/client/dev/hot-reloader/app/hot-reloader-app.js:196
[  184581ms] [LOG] [Fast Refresh] done in 28ms @ webpack-internal:///(app-pages-browser)/./node_modules/next/dist/client/dev/report-hmr-latency.js:13
[  184898ms] [LOG] [Fast Refresh] rebuilding @ webpack-internal:///(app-pages-browser)/./node_modules/next/dist/client/dev/hot-reloader/app/hot-reloader-app.js:196
[  184917ms] [LOG] [Fast Refresh] done in 19ms @ webpack-internal:///(app-pages-browser)/./node_modules/next/dist/client/dev/report-hmr-latency.js:13
[  185240ms] [LOG] [Fast Refresh] rebuilding @ webpack-internal:///(app-pages-browser)/./node_modules/next/dist/client/dev/hot-reloader/app/hot-reloader-app.js:196
[  185285ms] [LOG] [Fast Refresh] done in 45ms @ webpack-internal:///(app-pages-browser)/./node_modules/next/dist/client/dev/report-hmr-latency.js:13
[  185924ms] [LOG] [Fast Refresh] rebuilding @ webpack-internal:///(app-pages-browser)/./node_modules/next/dist/client/dev/hot-reloader/app/hot-reloader-app.js:196
[  185950ms] [LOG] [Fast Refresh] done in 25ms @ webpack-internal:///(app-pages-browser)/./node_modules/next/dist/client/dev/report-hmr-latency.js:13
[  186262ms] [LOG] [Fast Refresh] rebuilding @ webpack-internal:///(app-pages-browser)/./node_modules/next/dist/client/dev/hot-reloader/app/hot-reloader-app.js:196
[  186272ms] [LOG] [Fast Refresh] done in 10ms @ webpack-internal:///(app-pages-browser)/./node_modules/next/dist/client/dev/report-hmr-latency.js:13
[  186581ms] [LOG] [Fast Refresh] rebuilding @ webpack-internal:///(app-pages-browser)/./node_modules/next/dist/client/dev/hot-reloader/app/hot-reloader-app.js:196
[  186596ms] [LOG] [Fast Refresh] done in 14ms @ webpack-internal:///(app-pages-browser)/./node_modules/next/dist/client/dev/report-hmr-latency.js:13
[  186918ms] [LOG] [Fast Refresh] rebuilding @ webpack-internal:///(app-pages-browser)/./node_modules/next/dist/client/dev/hot-reloader/app/hot-reloader-app.js:196
[  186935ms] [LOG] [Fast Refresh] done in 17ms @ webpack-internal:///(app-pages-browser)/./node_modules/next/dist/client/dev/report-hmr-latency.js:13
[  187250ms] [LOG] [Fast Refresh] rebuilding @ webpack-internal:///(app-pages-browser)/./node_modules/next/dist/client/dev/hot-reloader/app/hot-reloader-app.js:196
[  187266ms] [LOG] [Fast Refresh] done in 17ms @ webpack-internal:///(app-pages-browser)/./node_modules/next/dist/client/dev/report-hmr-latency.js:13
[  187568ms] [LOG] [Fast Refresh] rebuilding @ webpack-internal:///(app-pages-browser)/./node_modules/next/dist/client/dev/hot-reloader/app/hot-reloader-app.js:196
[  187595ms] [LOG] [Fast Refresh] done in 28ms @ webpack-internal:///(app-pages-browser)/./node_modules/next/dist/client/dev/report-hmr-latency.js:13
[  187905ms] [LOG] [Fast Refresh] rebuilding @ webpack-internal:///(app-pages-browser)/./node_modules/next/dist/client/dev/hot-reloader/app/hot-reloader-app.js:196
[  187932ms] [LOG] [Fast Refresh] done in 27ms @ webpack-internal:///(app-pages-browser)/./node_modules/next/dist/client/dev/report-hmr-latency.js:13
[  188024ms] [WARNING] Ribbit wallet not detected @ webpack-internal:///(app-pages-browser)/./node_modules/ribbit-wallet-connect/dist/index.js:23
[  188025ms] [WARNING] Ribbit wallet not detected @ webpack-internal:///(app-pages-browser)/./node_modules/ribbit-wallet-connect/dist/index.js:23
[  188276ms] [LOG] [Fast Refresh] rebuilding @ webpack-internal:///(app-pages-browser)/./node_modules/next/dist/client/dev/hot-reloader/app/hot-reloader-app.js:196
[  188299ms] [LOG] [Fast Refresh] done in 23ms @ webpack-internal:///(app-pages-browser)/./node_modules/next/dist/client/dev/report-hmr-latency.js:13
[  188890ms] [LOG] [Fast Refresh] rebuilding @ webpack-internal:///(app-pages-browser)/./node_modules/next/dist/client/dev/hot-reloader/app/hot-reloader-app.js:196
[  188900ms] [LOG] [Fast Refresh] done in 9ms @ webpack-internal:///(app-pages-browser)/./node_modules/next/dist/client/dev/report-hmr-latency.js:13
[  189048ms] [WARNING] Ribbit wallet not detected @ webpack-internal:///(app-pages-browser)/./node_modules/ribbit-wallet-connect/dist/index.js:23
[  189049ms] [WARNING] Ribbit wallet not detected @ webpack-internal:///(app-pages-browser)/./node_modules/ribbit-wallet-connect/dist/index.js:23
[  189279ms] [LOG] [Fast Refresh] rebuilding @ webpack-internal:///(app-pages-browser)/./node_modules/next/dist/client/dev/hot-reloader/app/hot-reloader-app.js:196
[  189291ms] [LOG] [Fast Refresh] done in 11ms @ webpack-internal:///(app-pages-browser)/./node_modules/next/dist/client/dev/report-hmr-latency.js:13
[  189612ms] [LOG] [Fast Refresh] rebuilding @ webpack-internal:///(app-pages-browser)/./node_modules/next/dist/client/dev/hot-reloader/app/hot-reloader-app.js:196
[  189625ms] [LOG] [Fast Refresh] done in 13ms @ webpack-internal:///(app-pages-browser)/./node_modules/next/dist/client/dev/report-hmr-latency.js:13
[  189981ms] [LOG] [Fast Refresh] rebuilding @ webpack-internal:///(app-pages-browser)/./node_modules/next/dist/client/dev/hot-reloader/app/hot-reloader-app.js:196
[  189995ms] [LOG] [Fast Refresh] done in 14ms @ webpack-internal:///(app-pages-browser)/./node_modules/next/dist/client/dev/report-hmr-latency.js:13
[  190300ms] [LOG] [Fast Refresh] rebuilding @ webpack-internal:///(app-pages-browser)/./node_modules/next/dist/client/dev/hot-reloader/app/hot-reloader-app.js:196
[  190316ms] [LOG] [Fast Refresh] done in 17ms @ webpack-internal:///(app-pages-browser)/./node_modules/next/dist/client/dev/report-hmr-latency.js:13
[  190613ms] [LOG] [Fast Refresh] rebuilding @ webpack-internal:///(app-pages-browser)/./node_modules/next/dist/client/dev/hot-reloader/app/hot-reloader-app.js:196
[  190623ms] [LOG] [Fast Refresh] done in 10ms @ webpack-internal:///(app-pages-browser)/./node_modules/next/dist/client/dev/report-hmr-latency.js:13
[  190947ms] [LOG] [Fast Refresh] rebuilding @ webpack-internal:///(app-pages-browser)/./node_modules/next/dist/client/dev/hot-reloader/app/hot-reloader-app.js:196
[  190962ms] [LOG] [Fast Refresh] done in 14ms @ webpack-internal:///(app-pages-browser)/./node_modules/next/dist/client/dev/report-hmr-latency.js:13
[  191291ms] [LOG] [Fast Refresh] rebuilding @ webpack-internal:///(app-pages-browser)/./node_modules/next/dist/client/dev/hot-reloader/app/hot-reloader-app.js:196
[  191316ms] [LOG] [Fast Refresh] done in 24ms @ webpack-internal:///(app-pages-browser)/./node_modules/next/dist/client/dev/report-hmr-latency.js:13
[  191923ms] [LOG] [Fast Refresh] rebuilding @ webpack-internal:///(app-pages-browser)/./node_modules/next/dist/client/dev/hot-reloader/app/hot-reloader-app.js:196
[  191937ms] [LOG] [Fast Refresh] done in 13ms @ webpack-internal:///(app-pages-browser)/./node_modules/next/dist/client/dev/report-hmr-latency.js:13
[  192307ms] [LOG] [Fast Refresh] rebuilding @ webpack-internal:///(app-pages-browser)/./node_modules/next/dist/client/dev/hot-reloader/app/hot-reloader-app.js:196
[  192315ms] [LOG] [Fast Refresh] done in 8ms @ webpack-internal:///(app-pages-browser)/./node_modules/next/dist/client/dev/report-hmr-latency.js:13
[  192668ms] [LOG] [Fast Refresh] rebuilding @ webpack-internal:///(app-pages-browser)/./node_modules/next/dist/client/dev/hot-reloader/app/hot-reloader-app.js:196
[  192684ms] [LOG] [Fast Refresh] done in 17ms @ webpack-internal:///(app-pages-browser)/./node_modules/next/dist/client/dev/report-hmr-latency.js:13
[  193009ms] [LOG] [Fast Refresh] rebuilding @ webpack-internal:///(app-pages-browser)/./node_modules/next/dist/client/dev/hot-reloader/app/hot-reloader-app.js:196
[  193024ms] [LOG] [Fast Refresh] done in 15ms @ webpack-internal:///(app-pages-browser)/./node_modules/next/dist/client/dev/report-hmr-latency.js:13
[  193328ms] [LOG] [Fast Refresh] rebuilding @ webpack-internal:///(app-pages-browser)/./node_modules/next/dist/client/dev/hot-reloader/app/hot-reloader-app.js:196
[  193344ms] [LOG] [Fast Refresh] done in 16ms @ webpack-internal:///(app-pages-browser)/./node_modules/next/dist/client/dev/report-hmr-latency.js:13
[  193657ms] [LOG] [Fast Refresh] rebuilding @ webpack-internal:///(app-pages-browser)/./node_modules/next/dist/client/dev/hot-reloader/app/hot-reloader-app.js:196
[  193665ms] [LOG] [Fast Refresh] done in 8ms @ webpack-internal:///(app-pages-browser)/./node_modules/next/dist/client/dev/report-hmr-latency.js:13
[  194057ms] [LOG] [Fast Refresh] rebuilding @ webpack-internal:///(app-pages-browser)/./node_modules/next/dist/client/dev/hot-reloader/app/hot-reloader-app.js:196
[  194065ms] [LOG] [Fast Refresh] done in 8ms @ webpack-internal:///(app-pages-browser)/./node_modules/next/dist/client/dev/report-hmr-latency.js:13
[  194412ms] [LOG] [Fast Refresh] rebuilding @ webpack-internal:///(app-pages-browser)/./node_modules/next/dist/client/dev/hot-reloader/app/hot-reloader-app.js:196
[  194438ms] [LOG] [Fast Refresh] done in 25ms @ webpack-internal:///(app-pages-browser)/./node_modules/next/dist/client/dev/report-hmr-latency.js:13
[  195050ms] [LOG] [Fast Refresh] rebuilding @ webpack-internal:///(app-pages-browser)/./node_modules/next/dist/client/dev/hot-reloader/app/hot-reloader-app.js:196
[  195068ms] [LOG] [Fast Refresh] done in 18ms @ webpack-internal:///(app-pages-browser)/./node_modules/next/dist/client/dev/report-hmr-latency.js:13
[  195386ms] [LOG] [Fast Refresh] rebuilding @ webpack-internal:///(app-pages-browser)/./node_modules/next/dist/client/dev/hot-reloader/app/hot-reloader-app.js:196
[  195415ms] [LOG] [Fast Refresh] done in 29ms @ webpack-internal:///(app-pages-browser)/./node_modules/next/dist/client/dev/report-hmr-latency.js:13
[  195712ms] [LOG] [Fast Refresh] rebuilding @ webpack-internal:///(app-pages-browser)/./node_modules/next/dist/client/dev/hot-reloader/app/hot-reloader-app.js:196
[  195726ms] [LOG] [Fast Refresh] done in 13ms @ webpack-internal:///(app-pages-browser)/./node_modules/next/dist/client/dev/report-hmr-latency.js:13
[  196043ms] [LOG] [Fast Refresh] rebuilding @ webpack-internal:///(app-pages-browser)/./node_modules/next/dist/client/dev/hot-reloader/app/hot-reloader-app.js:196
[  196063ms] [LOG] [Fast Refresh] done in 19ms @ webpack-internal:///(app-pages-browser)/./node_modules/next/dist/client/dev/report-hmr-latency.js:13
[  196375ms] [LOG] [Fast Refresh] rebuilding @ webpack-internal:///(app-pages-browser)/./node_modules/next/dist/client/dev/hot-reloader/app/hot-reloader-app.js:196
[  196390ms] [LOG] [Fast Refresh] done in 14ms @ webpack-internal:///(app-pages-browser)/./node_modules/next/dist/client/dev/report-hmr-latency.js:13
[  196725ms] [LOG] [Fast Refresh] rebuilding @ webpack-internal:///(app-pages-browser)/./node_modules/next/dist/client/dev/hot-reloader/app/hot-reloader-app.js:196
[  196742ms] [LOG] [Fast Refresh] done in 17ms @ webpack-internal:///(app-pages-browser)/./node_modules/next/dist/client/dev/report-hmr-latency.js:13
[  197076ms] [LOG] [Fast Refresh] rebuilding @ webpack-internal:///(app-pages-browser)/./node_modules/next/dist/client/dev/hot-reloader/app/hot-reloader-app.js:196
[  197098ms] [LOG] [Fast Refresh] done in 23ms @ webpack-internal:///(app-pages-browser)/./node_modules/next/dist/client/dev/report-hmr-latency.js:13
[  197515ms] [LOG] [Fast Refresh] rebuilding @ webpack-internal:///(app-pages-browser)/./node_modules/next/dist/client/dev/hot-reloader/app/hot-reloader-app.js:196
[  197562ms] [LOG] [Fast Refresh] done in 46ms @ webpack-internal:///(app-pages-browser)/./node_modules/next/dist/client/dev/report-hmr-latency.js:13
[  198207ms] [LOG] [Fast Refresh] rebuilding @ webpack-internal:///(app-pages-browser)/./node_modules/next/dist/client/dev/hot-reloader/app/hot-reloader-app.js:196
[  198235ms] [LOG] [Fast Refresh] done in 28ms @ webpack-internal:///(app-pages-browser)/./node_modules/next/dist/client/dev/report-hmr-latency.js:13
[  198561ms] [LOG] [Fast Refresh] rebuilding @ webpack-internal:///(app-pages-browser)/./node_modules/next/dist/client/dev/hot-reloader/app/hot-reloader-app.js:196
[  198575ms] [LOG] [Fast Refresh] done in 14ms @ webpack-internal:///(app-pages-browser)/./node_modules/next/dist/client/dev/report-hmr-latency.js:13
[  198891ms] [LOG] [Fast Refresh] rebuilding @ webpack-internal:///(app-pages-browser)/./node_modules/next/dist/client/dev/hot-reloader/app/hot-reloader-app.js:196
[  198899ms] [LOG] [Fast Refresh] done in 8ms @ webpack-internal:///(app-pages-browser)/./node_modules/next/dist/client/dev/report-hmr-latency.js:13
[  199223ms] [LOG] [Fast Refresh] rebuilding @ webpack-internal:///(app-pages-browser)/./node_modules/next/dist/client/dev/hot-reloader/app/hot-reloader-app.js:196
[  199234ms] [LOG] [Fast Refresh] done in 12ms @ webpack-internal:///(app-pages-browser)/./node_modules/next/dist/client/dev/report-hmr-latency.js:13
[  199549ms] [LOG] [Fast Refresh] rebuilding @ webpack-internal:///(app-pages-browser)/./node_modules/next/dist/client/dev/hot-reloader/app/hot-reloader-app.js:196
[  199567ms] [LOG] [Fast Refresh] done in 18ms @ webpack-internal:///(app-pages-browser)/./node_modules/next/dist/client/dev/report-hmr-latency.js:13
[  199899ms] [LOG] [Fast Refresh] rebuilding @ webpack-internal:///(app-pages-browser)/./node_modules/next/dist/client/dev/hot-reloader/app/hot-reloader-app.js:196
[  199917ms] [LOG] [Fast Refresh] done in 18ms @ webpack-internal:///(app-pages-browser)/./node_modules/next/dist/client/dev/report-hmr-latency.js:13
[  200241ms] [LOG] [Fast Refresh] rebuilding @ webpack-internal:///(app-pages-browser)/./node_modules/next/dist/client/dev/hot-reloader/app/hot-reloader-app.js:196
[  200257ms] [LOG] [Fast Refresh] done in 15ms @ webpack-internal:///(app-pages-browser)/./node_modules/next/dist/client/dev/report-hmr-latency.js:13
[  200629ms] [LOG] [Fast Refresh] rebuilding @ webpack-internal:///(app-pages-browser)/./node_modules/next/dist/client/dev/hot-reloader/app/hot-reloader-app.js:196
[  200693ms] [LOG] [Fast Refresh] done in 65ms @ webpack-internal:///(app-pages-browser)/./node_modules/next/dist/client/dev/report-hmr-latency.js:13
[  201375ms] [LOG] [Fast Refresh] rebuilding @ webpack-internal:///(app-pages-browser)/./node_modules/next/dist/client/dev/hot-reloader/app/hot-reloader-app.js:196
[  201391ms] [LOG] [Fast Refresh] done in 17ms @ webpack-internal:///(app-pages-browser)/./node_modules/next/dist/client/dev/report-hmr-latency.js:13
[  201769ms] [LOG] [Fast Refresh] rebuilding @ webpack-internal:///(app-pages-browser)/./node_modules/next/dist/client/dev/hot-reloader/app/hot-reloader-app.js:196
[  201799ms] [LOG] [Fast Refresh] done in 31ms @ webpack-internal:///(app-pages-browser)/./node_modules/next/dist/client/dev/report-hmr-latency.js:13
[  202218ms] [LOG] [Fast Refresh] rebuilding @ webpack-internal:///(app-pages-browser)/./node_modules/next/dist/client/dev/hot-reloader/app/hot-reloader-app.js:196
[  202248ms] [LOG] [Fast Refresh] done in 30ms @ webpack-internal:///(app-pages-browser)/./node_modules/next/dist/client/dev/report-hmr-latency.js:13
[  202597ms] [LOG] [Fast Refresh] rebuilding @ webpack-internal:///(app-pages-browser)/./node_modules/next/dist/client/dev/hot-reloader/app/hot-reloader-app.js:196
[  202616ms] [LOG] [Fast Refresh] done in 20ms @ webpack-internal:///(app-pages-browser)/./node_modules/next/dist/client/dev/report-hmr-latency.js:13
[  202928ms] [LOG] [Fast Refresh] rebuilding @ webpack-internal:///(app-pages-browser)/./node_modules/next/dist/client/dev/hot-reloader/app/hot-reloader-app.js:196
[  202945ms] [LOG] [Fast Refresh] done in 17ms @ webpack-internal:///(app-pages-browser)/./node_modules/next/dist/client/dev/report-hmr-latency.js:13
[  203255ms] [LOG] [Fast Refresh] rebuilding @ webpack-internal:///(app-pages-browser)/./node_modules/next/dist/client/dev/hot-reloader/app/hot-reloader-app.js:196
[  203285ms] [LOG] [Fast Refresh] done in 29ms @ webpack-internal:///(app-pages-browser)/./node_modules/next/dist/client/dev/report-hmr-latency.js:13
[  203618ms] [LOG] [Fast Refresh] rebuilding @ webpack-internal:///(app-pages-browser)/./node_modules/next/dist/client/dev/hot-reloader/app/hot-reloader-app.js:196
[  203648ms] [LOG] [Fast Refresh] done in 31ms @ webpack-internal:///(app-pages-browser)/./node_modules/next/dist/client/dev/report-hmr-latency.js:13
[  206650ms] [WARNING] The resource http://localhost:3000/_next/static/css/app/%5Blocale%5D/layout.css?v=1791240792207 was preloaded using link preload but not used within a few seconds from the window's load event. Please make sure it has an appropriate `as` value and it is preloaded intentionally. @ http://localhost:3000/en/governance:0
[  206650ms] [WARNING] The resource http://localhost:3000/_next/static/css/app/%5Blocale%5D/layout.css?v=1791240798877 was preloaded using link preload but not used within a few seconds from the window's load event. Please make sure it has an appropriate `as` value and it is preloaded intentionally. @ http://localhost:3000/en/governance:0
[  206650ms] [WARNING] The resource http://localhost:3000/_next/static/css/app/%5Blocale%5D/layout.css?v=1791240806915 was preloaded using link preload but not used within a few seconds from the window's load event. Please make sure it has an appropriate `as` value and it is preloaded intentionally. @ http://localhost:3000/en/governance:0
[  206650ms] [WARNING] The resource http://localhost:3000/_next/static/css/app/%5Blocale%5D/layout.css?v=1791240803292 was preloaded using link preload but not used within a few seconds from the window's load event. Please make sure it has an appropriate `as` value and it is preloaded intentionally. @ http://localhost:3000/en/governance:0
[  206650ms] [WARNING] The resource http://localhost:3000/_next/static/css/app/%5Blocale%5D/layout.css?v=1791240800110 was preloaded using link preload but not used within a few seconds from the window's load event. Please make sure it has an appropriate `as` value and it is preloaded intentionally. @ http://localhost:3000/en/governance:0
[  248025ms] [WARNING] Ribbit wallet not detected @ webpack-internal:///(app-pages-browser)/./node_modules/ribbit-wallet-connect/dist/index.js:23
[  248025ms] [WARNING] Ribbit wallet not detected @ webpack-internal:///(app-pages-browser)/./node_modules/ribbit-wallet-connect/dist/index.js:23
[  248027ms] [ERROR] Failed to load resource: net::ERR_CONNECTION_REFUSED @ http://localhost:3000/api/rpc/mainnet/view:0
[  248028ms] [ERROR] Error in callView: TypeError: Failed to fetch
    at useView.useCallback[callView] (webpack-internal:///(app-pages-browser)/./hooks/features/view/useView.ts:25:40)
    at useSupraPrice.useCallback[fetchPrice] (webpack-internal:///(app-pages-browser)/./hooks/features/token/useSupraPrice.ts:29:40) @ webpack-internal:///(app-pages-browser)/./node_modules/next/dist/next-devtools/userspace/app/errors/intercept-console-error.js:56
[  248028ms] [ERROR] Error fetching Supra price from DORA: TypeError: Failed to fetch
    at useView.useCallback[callView] (webpack-internal:///(app-pages-browser)/./hooks/features/view/useView.ts:25:40)
    at useSupraPrice.useCallback[fetchPrice] (webpack-internal:///(app-pages-browser)/./hooks/features/token/useSupraPrice.ts:29:40) @ webpack-internal:///(app-pages-browser)/./node_modules/next/dist/next-devtools/userspace/app/errors/intercept-console-error.js:56
[  248029ms] [WARNING] Ribbit wallet not detected @ webpack-internal:///(app-pages-browser)/./node_modules/ribbit-wallet-connect/dist/index.js:23
[  248029ms] [WARNING] Ribbit wallet not detected @ webpack-internal:///(app-pages-browser)/./node_modules/ribbit-wallet-connect/dist/index.js:23
[  248041ms] [ERROR] Failed to load resource: net::ERR_CONNECTION_REFUSED @ http://localhost:3000/__nextjs_original-stack-frames:0
[  251043ms] [WARNING] The resource http://localhost:3000/_next/static/css/app/%5Blocale%5D/layout.css?v=1791240792207 was preloaded using link preload but not used within a few seconds from the window's load event. Please make sure it has an appropriate `as` value and it is preloaded intentionally. @ http://localhost:3000/en/governance:0
[  251043ms] [WARNING] The resource http://localhost:3000/_next/static/css/app/%5Blocale%5D/layout.css?v=1791240798877 was preloaded using link preload but not used within a few seconds from the window's load event. Please make sure it has an appropriate `as` value and it is preloaded intentionally. @ http://localhost:3000/en/governance:0
[  251043ms] [WARNING] The resource http://localhost:3000/_next/static/css/app/%5Blocale%5D/layout.css?v=1791240806915 was preloaded using link preload but not used within a few seconds from the window's load event. Please make sure it has an appropriate `as` value and it is preloaded intentionally. @ http://localhost:3000/en/governance:0
[  251043ms] [WARNING] The resource http://localhost:3000/_next/static/css/app/%5Blocale%5D/layout.css?v=1791240803292 was preloaded using link preload but not used within a few seconds from the window's load event. Please make sure it has an appropriate `as` value and it is preloaded intentionally. @ http://localhost:3000/en/governance:0
[  251043ms] [WARNING] The resource http://localhost:3000/_next/static/css/app/%5Blocale%5D/layout.css?v=1791240800110 was preloaded using link preload but not used within a few seconds from the window's load event. Please make sure it has an appropriate `as` value and it is preloaded intentionally. @ http://localhost:3000/en/governance:0
[  308024ms] [WARNING] Ribbit wallet not detected @ webpack-internal:///(app-pages-browser)/./node_modules/ribbit-wallet-connect/dist/index.js:23
[  308024ms] [WARNING] Ribbit wallet not detected @ webpack-internal:///(app-pages-browser)/./node_modules/ribbit-wallet-connect/dist/index.js:23
[  308027ms] [ERROR] Failed to load resource: net::ERR_CONNECTION_REFUSED @ http://localhost:3000/api/rpc/mainnet/view:0
[  308027ms] [ERROR] Error in callView: TypeError: Failed to fetch
    at useView.useCallback[callView] (webpack-internal:///(app-pages-browser)/./hooks/features/view/useView.ts:25:40)
    at useSupraPrice.useCallback[fetchPrice] (webpack-internal:///(app-pages-browser)/./hooks/features/token/useSupraPrice.ts:29:40) @ webpack-internal:///(app-pages-browser)/./node_modules/next/dist/next-devtools/userspace/app/errors/intercept-console-error.js:56
[  308027ms] [ERROR] Error fetching Supra price from DORA: TypeError: Failed to fetch
    at useView.useCallback[callView] (webpack-internal:///(app-pages-browser)/./hooks/features/view/useView.ts:25:40)
    at useSupraPrice.useCallback[fetchPrice] (webpack-internal:///(app-pages-browser)/./hooks/features/token/useSupraPrice.ts:29:40) @ webpack-internal:///(app-pages-browser)/./node_modules/next/dist/next-devtools/userspace/app/errors/intercept-console-error.js:56
[  308028ms] [WARNING] Ribbit wallet not detected @ webpack-internal:///(app-pages-browser)/./node_modules/ribbit-wallet-connect/dist/index.js:23
[  308028ms] [WARNING] Ribbit wallet not detected @ webpack-internal:///(app-pages-browser)/./node_modules/ribbit-wallet-connect/dist/index.js:23
[  311028ms] [WARNING] The resource http://localhost:3000/_next/static/css/app/%5Blocale%5D/layout.css?v=1791240792207 was preloaded using link preload but not used within a few seconds from the window's load event. Please make sure it has an appropriate `as` value and it is preloaded intentionally. @ http://localhost:3000/en/governance:0
[  311028ms] [WARNING] The resource http://localhost:3000/_next/static/css/app/%5Blocale%5D/layout.css?v=1791240798877 was preloaded using link preload but not used within a few seconds from the window's load event. Please make sure it has an appropriate `as` value and it is preloaded intentionally. @ http://localhost:3000/en/governance:0
[  311028ms] [WARNING] The resource http://localhost:3000/_next/static/css/app/%5Blocale%5D/layout.css?v=1791240806915 was preloaded using link preload but not used within a few seconds from the window's load event. Please make sure it has an appropriate `as` value and it is preloaded intentionally. @ http://localhost:3000/en/governance:0
[  311028ms] [WARNING] The resource http://localhost:3000/_next/static/css/app/%5Blocale%5D/layout.css?v=1791240803292 was preloaded using link preload but not used within a few seconds from the window's load event. Please make sure it has an appropriate `as` value and it is preloaded intentionally. @ http://localhost:3000/en/governance:0
[  311028ms] [WARNING] The resource http://localhost:3000/_next/static/css/app/%5Blocale%5D/layout.css?v=1791240800110 was preloaded using link preload but not used within a few seconds from the window's load event. Please make sure it has an appropriate `as` value and it is preloaded intentionally. @ http://localhost:3000/en/governance:0
[  368025ms] [WARNING] Ribbit wallet not detected @ webpack-internal:///(app-pages-browser)/./node_modules/ribbit-wallet-connect/dist/index.js:23
[  368026ms] [WARNING] Ribbit wallet not detected @ webpack-internal:///(app-pages-browser)/./node_modules/ribbit-wallet-connect/dist/index.js:23
[  368028ms] [ERROR] Failed to load resource: net::ERR_CONNECTION_REFUSED @ http://localhost:3000/api/rpc/mainnet/view:0
[  368028ms] [ERROR] Error in callView: TypeError: Failed to fetch
    at useView.useCallback[callView] (webpack-internal:///(app-pages-browser)/./hooks/features/view/useView.ts:25:40)
    at useSupraPrice.useCallback[fetchPrice] (webpack-internal:///(app-pages-browser)/./hooks/features/token/useSupraPrice.ts:29:40) @ webpack-internal:///(app-pages-browser)/./node_modules/next/dist/next-devtools/userspace/app/errors/intercept-console-error.js:56
[  368029ms] [ERROR] Error fetching Supra price from DORA: TypeError: Failed to fetch
    at useView.useCallback[callView] (webpack-internal:///(app-pages-browser)/./hooks/features/view/useView.ts:25:40)
    at useSupraPrice.useCallback[fetchPrice] (webpack-internal:///(app-pages-browser)/./hooks/features/token/useSupraPrice.ts:29:40) @ webpack-internal:///(app-pages-browser)/./node_modules/next/dist/next-devtools/userspace/app/errors/intercept-console-error.js:56
[  368031ms] [WARNING] Ribbit wallet not detected @ webpack-internal:///(app-pages-browser)/./node_modules/ribbit-wallet-connect/dist/index.js:23
[  368032ms] [WARNING] Ribbit wallet not detected @ webpack-internal:///(app-pages-browser)/./node_modules/ribbit-wallet-connect/dist/index.js:23
[  371029ms] [WARNING] The resource http://localhost:3000/_next/static/css/app/%5Blocale%5D/layout.css?v=1791240792207 was preloaded using link preload but not used within a few seconds from the window's load event. Please make sure it has an appropriate `as` value and it is preloaded intentionally. @ http://localhost:3000/en/governance:0
[  371030ms] [WARNING] The resource http://localhost:3000/_next/static/css/app/%5Blocale%5D/layout.css?v=1791240798877 was preloaded using link preload but not used within a few seconds from the window's load event. Please make sure it has an appropriate `as` value and it is preloaded intentionally. @ http://localhost:3000/en/governance:0
[  371030ms] [WARNING] The resource http://localhost:3000/_next/static/css/app/%5Blocale%5D/layout.css?v=1791240806915 was preloaded using link preload but not used within a few seconds from the window's load event. Please make sure it has an appropriate `as` value and it is preloaded intentionally. @ http://localhost:3000/en/governance:0
[  371030ms] [WARNING] The resource http://localhost:3000/_next/static/css/app/%5Blocale%5D/layout.css?v=1791240803292 was preloaded using link preload but not used within a few seconds from the window's load event. Please make sure it has an appropriate `as` value and it is preloaded intentionally. @ http://localhost:3000/en/governance:0
[  371030ms] [WARNING] The resource http://localhost:3000/_next/static/css/app/%5Blocale%5D/layout.css?v=1791240800110 was preloaded using link preload but not used within a few seconds from the window's load event. Please make sure it has an appropriate `as` value and it is preloaded intentionally. @ http://localhost:3000/en/governance:0
[  428024ms] [WARNING] Ribbit wallet not detected @ webpack-internal:///(app-pages-browser)/./node_modules/ribbit-wallet-connect/dist/index.js:23
[  428025ms] [WARNING] Ribbit wallet not detected @ webpack-internal:///(app-pages-browser)/./node_modules/ribbit-wallet-connect/dist/index.js:23
[  428029ms] [ERROR] Failed to load resource: net::ERR_CONNECTION_REFUSED @ http://localhost:3000/api/rpc/mainnet/view:0
[  428030ms] [ERROR] Error in callView: TypeError: Failed to fetch
    at useView.useCallback[callView] (webpack-internal:///(app-pages-browser)/./hooks/features/view/useView.ts:25:40)
    at useSupraPrice.useCallback[fetchPrice] (webpack-internal:///(app-pages-browser)/./hooks/features/token/useSupraPrice.ts:29:40) @ webpack-internal:///(app-pages-browser)/./node_modules/next/dist/next-devtools/userspace/app/errors/intercept-console-error.js:56
[  428030ms] [ERROR] Error fetching Supra price from DORA: TypeError: Failed to fetch
    at useView.useCallback[callView] (webpack-internal:///(app-pages-browser)/./hooks/features/view/useView.ts:25:40)
    at useSupraPrice.useCallback[fetchPrice] (webpack-internal:///(app-pages-browser)/./hooks/features/token/useSupraPrice.ts:29:40) @ webpack-internal:///(app-pages-browser)/./node_modules/next/dist/next-devtools/userspace/app/errors/intercept-console-error.js:56
[  428031ms] [WARNING] Ribbit wallet not detected @ webpack-internal:///(app-pages-browser)/./node_modules/ribbit-wallet-connect/dist/index.js:23
[  428031ms] [WARNING] Ribbit wallet not detected @ webpack-internal:///(app-pages-browser)/./node_modules/ribbit-wallet-connect/dist/index.js:23
[  431030ms] [WARNING] The resource http://localhost:3000/_next/static/css/app/%5Blocale%5D/layout.css?v=1791240792207 was preloaded using link preload but not used within a few seconds from the window's load event. Please make sure it has an appropriate `as` value and it is preloaded intentionally. @ http://localhost:3000/en/governance:0
[  431030ms] [WARNING] The resource http://localhost:3000/_next/static/css/app/%5Blocale%5D/layout.css?v=1791240798877 was preloaded using link preload but not used within a few seconds from the window's load event. Please make sure it has an appropriate `as` value and it is preloaded intentionally. @ http://localhost:3000/en/governance:0
[  431030ms] [WARNING] The resource http://localhost:3000/_next/static/css/app/%5Blocale%5D/layout.css?v=1791240806915 was preloaded using link preload but not used within a few seconds from the window's load event. Please make sure it has an appropriate `as` value and it is preloaded intentionally. @ http://localhost:3000/en/governance:0
[  431030ms] [WARNING] The resource http://localhost:3000/_next/static/css/app/%5Blocale%5D/layout.css?v=1791240803292 was preloaded using link preload but not used within a few seconds from the window's load event. Please make sure it has an appropriate `as` value and it is preloaded intentionally. @ http://localhost:3000/en/governance:0
[  431030ms] [WARNING] The resource http://localhost:3000/_next/static/css/app/%5Blocale%5D/layout.css?v=1791240800110 was preloaded using link preload but not used within a few seconds from the window's load event. Please make sure it has an appropriate `as` value and it is preloaded intentionally. @ http://localhost:3000/en/governance:0
[  488025ms] [WARNING] Ribbit wallet not detected @ webpack-internal:///(app-pages-browser)/./node_modules/ribbit-wallet-connect/dist/index.js:23
[  488026ms] [WARNING] Ribbit wallet not detected @ webpack-internal:///(app-pages-browser)/./node_modules/ribbit-wallet-connect/dist/index.js:23
[  488028ms] [ERROR] Failed to load resource: net::ERR_CONNECTION_REFUSED @ http://localhost:3000/api/rpc/mainnet/view:0
[  488028ms] [ERROR] Error in callView: TypeError: Failed to fetch
    at useView.useCallback[callView] (webpack-internal:///(app-pages-browser)/./hooks/features/view/useView.ts:25:40)
    at useSupraPrice.useCallback[fetchPrice] (webpack-internal:///(app-pages-browser)/./hooks/features/token/useSupraPrice.ts:29:40) @ webpack-internal:///(app-pages-browser)/./node_modules/next/dist/next-devtools/userspace/app/errors/intercept-console-error.js:56
[  488028ms] [ERROR] Error fetching Supra price from DORA: TypeError: Failed to fetch
    at useView.useCallback[callView] (webpack-internal:///(app-pages-browser)/./hooks/features/view/useView.ts:25:40)
    at useSupraPrice.useCallback[fetchPrice] (webpack-internal:///(app-pages-browser)/./hooks/features/token/useSupraPrice.ts:29:40) @ webpack-internal:///(app-pages-browser)/./node_modules/next/dist/next-devtools/userspace/app/errors/intercept-console-error.js:56
[  488029ms] [WARNING] Ribbit wallet not detected @ webpack-internal:///(app-pages-browser)/./node_modules/ribbit-wallet-connect/dist/index.js:23
[  488030ms] [WARNING] Ribbit wallet not detected @ webpack-internal:///(app-pages-browser)/./node_modules/ribbit-wallet-connect/dist/index.js:23
[  491030ms] [WARNING] The resource http://localhost:3000/_next/static/css/app/%5Blocale%5D/layout.css?v=1791240792207 was preloaded using link preload but not used within a few seconds from the window's load event. Please make sure it has an appropriate `as` value and it is preloaded intentionally. @ http://localhost:3000/en/governance:0
[  491030ms] [WARNING] The resource http://localhost:3000/_next/static/css/app/%5Blocale%5D/layout.css?v=1791240798877 was preloaded using link preload but not used within a few seconds from the window's load event. Please make sure it has an appropriate `as` value and it is preloaded intentionally. @ http://localhost:3000/en/governance:0
[  491030ms] [WARNING] The resource http://localhost:3000/_next/static/css/app/%5Blocale%5D/layout.css?v=1791240806915 was preloaded using link preload but not used within a few seconds from the window's load event. Please make sure it has an appropriate `as` value and it is preloaded intentionally. @ http://localhost:3000/en/governance:0
[  491030ms] [WARNING] The resource http://localhost:3000/_next/static/css/app/%5Blocale%5D/layout.css?v=1791240803292 was preloaded using link preload but not used within a few seconds from the window's load event. Please make sure it has an appropriate `as` value and it is preloaded intentionally. @ http://localhost:3000/en/governance:0
[  491030ms] [WARNING] The resource http://localhost:3000/_next/static/css/app/%5Blocale%5D/layout.css?v=1791240800110 was preloaded using link preload but not used within a few seconds from the window's load event. Please make sure it has an appropriate `as` value and it is preloaded intentionally. @ http://localhost:3000/en/governance:0
[  548025ms] [WARNING] Ribbit wallet not detected @ webpack-internal:///(app-pages-browser)/./node_modules/ribbit-wallet-connect/dist/index.js:23
[  548025ms] [WARNING] Ribbit wallet not detected @ webpack-internal:///(app-pages-browser)/./node_modules/ribbit-wallet-connect/dist/index.js:23
[  548027ms] [ERROR] Failed to load resource: net::ERR_CONNECTION_REFUSED @ http://localhost:3000/api/rpc/mainnet/view:0
[  548027ms] [ERROR] Error in callView: TypeError: Failed to fetch
    at useView.useCallback[callView] (webpack-internal:///(app-pages-browser)/./hooks/features/view/useView.ts:25:40)
    at useSupraPrice.useCallback[fetchPrice] (webpack-internal:///(app-pages-browser)/./hooks/features/token/useSupraPrice.ts:29:40) @ webpack-internal:///(app-pages-browser)/./node_modules/next/dist/next-devtools/userspace/app/errors/intercept-console-error.js:56
[  548027ms] [ERROR] Error fetching Supra price from DORA: TypeError: Failed to fetch
    at useView.useCallback[callView] (webpack-internal:///(app-pages-browser)/./hooks/features/view/useView.ts:25:40)
    at useSupraPrice.useCallback[fetchPrice] (webpack-internal:///(app-pages-browser)/./hooks/features/token/useSupraPrice.ts:29:40) @ webpack-internal:///(app-pages-browser)/./node_modules/next/dist/next-devtools/userspace/app/errors/intercept-console-error.js:56
[  548028ms] [WARNING] Ribbit wallet not detected @ webpack-internal:///(app-pages-browser)/./node_modules/ribbit-wallet-connect/dist/index.js:23
[  548028ms] [WARNING] Ribbit wallet not detected @ webpack-internal:///(app-pages-browser)/./node_modules/ribbit-wallet-connect/dist/index.js:23
[  551027ms] [WARNING] The resource http://localhost:3000/_next/static/css/app/%5Blocale%5D/layout.css?v=1791240792207 was preloaded using link preload but not used within a few seconds from the window's load event. Please make sure it has an appropriate `as` value and it is preloaded intentionally. @ http://localhost:3000/en/governance:0
[  551027ms] [WARNING] The resource http://localhost:3000/_next/static/css/app/%5Blocale%5D/layout.css?v=1791240798877 was preloaded using link preload but not used within a few seconds from the window's load event. Please make sure it has an appropriate `as` value and it is preloaded intentionally. @ http://localhost:3000/en/governance:0
[  551027ms] [WARNING] The resource http://localhost:3000/_next/static/css/app/%5Blocale%5D/layout.css?v=1791240806915 was preloaded using link preload but not used within a few seconds from the window's load event. Please make sure it has an appropriate `as` value and it is preloaded intentionally. @ http://localhost:3000/en/governance:0
[  551027ms] [WARNING] The resource http://localhost:3000/_next/static/css/app/%5Blocale%5D/layout.css?v=1791240803292 was preloaded using link preload but not used within a few seconds from the window's load event. Please make sure it has an appropriate `as` value and it is preloaded intentionally. @ http://localhost:3000/en/governance:0
[  551027ms] [WARNING] The resource http://localhost:3000/_next/static/css/app/%5Blocale%5D/layout.css?v=1791240800110 was preloaded using link preload but not used within a few seconds from the window's load event. Please make sure it has an appropriate `as` value and it is preloaded intentionally. @ http://localhost:3000/en/governance:0
[  608025ms] [WARNING] Ribbit wallet not detected @ webpack-internal:///(app-pages-browser)/./node_modules/ribbit-wallet-connect/dist/index.js:23
[  608026ms] [WARNING] Ribbit wallet not detected @ webpack-internal:///(app-pages-browser)/./node_modules/ribbit-wallet-connect/dist/index.js:23
[  608028ms] [ERROR] Failed to load resource: net::ERR_CONNECTION_REFUSED @ http://localhost:3000/api/rpc/mainnet/view:0
[  608028ms] [ERROR] Error in callView: TypeError: Failed to fetch
    at useView.useCallback[callView] (webpack-internal:///(app-pages-browser)/./hooks/features/view/useView.ts:25:40)
    at useSupraPrice.useCallback[fetchPrice] (webpack-internal:///(app-pages-browser)/./hooks/features/token/useSupraPrice.ts:29:40) @ webpack-internal:///(app-pages-browser)/./node_modules/next/dist/next-devtools/userspace/app/errors/intercept-console-error.js:56
[  608028ms] [ERROR] Error fetching Supra price from DORA: TypeError: Failed to fetch
    at useView.useCallback[callView] (webpack-internal:///(app-pages-browser)/./hooks/features/view/useView.ts:25:40)
    at useSupraPrice.useCallback[fetchPrice] (webpack-internal:///(app-pages-browser)/./hooks/features/token/useSupraPrice.ts:29:40) @ webpack-internal:///(app-pages-browser)/./node_modules/next/dist/next-devtools/userspace/app/errors/intercept-console-error.js:56
[  608029ms] [WARNING] Ribbit wallet not detected @ webpack-internal:///(app-pages-browser)/./node_modules/ribbit-wallet-connect/dist/index.js:23
[  608030ms] [WARNING] Ribbit wallet not detected @ webpack-internal:///(app-pages-browser)/./node_modules/ribbit-wallet-connect/dist/index.js:23
[  611028ms] [WARNING] The resource http://localhost:3000/_next/static/css/app/%5Blocale%5D/layout.css?v=1791240792207 was preloaded using link preload but not used within a few seconds from the window's load event. Please make sure it has an appropriate `as` value and it is preloaded intentionally. @ http://localhost:3000/en/governance:0
[  611028ms] [WARNING] The resource http://localhost:3000/_next/static/css/app/%5Blocale%5D/layout.css?v=1791240798877 was preloaded using link preload but not used within a few seconds from the window's load event. Please make sure it has an appropriate `as` value and it is preloaded intentionally. @ http://localhost:3000/en/governance:0
[  611028ms] [WARNING] The resource http://localhost:3000/_next/static/css/app/%5Blocale%5D/layout.css?v=1791240806915 was preloaded using link preload but not used within a few seconds from the window's load event. Please make sure it has an appropriate `as` value and it is preloaded intentionally. @ http://localhost:3000/en/governance:0
[  611029ms] [WARNING] The resource http://localhost:3000/_next/static/css/app/%5Blocale%5D/layout.css?v=1791240803292 was preloaded using link preload but not used within a few seconds from the window's load event. Please make sure it has an appropriate `as` value and it is preloaded intentionally. @ http://localhost:3000/en/governance:0
[  611029ms] [WARNING] The resource http://localhost:3000/_next/static/css/app/%5Blocale%5D/layout.css?v=1791240800110 was preloaded using link preload but not used within a few seconds from the window's load event. Please make sure it has an appropriate `as` value and it is preloaded intentionally. @ http://localhost:3000/en/governance:0
[  668024ms] [WARNING] Ribbit wallet not detected @ webpack-internal:///(app-pages-browser)/./node_modules/ribbit-wallet-connect/dist/index.js:23
[  668025ms] [WARNING] Ribbit wallet not detected @ webpack-internal:///(app-pages-browser)/./node_modules/ribbit-wallet-connect/dist/index.js:23
[  668026ms] [ERROR] Failed to load resource: net::ERR_CONNECTION_REFUSED @ http://localhost:3000/api/rpc/mainnet/view:0
[  668026ms] [ERROR] Error in callView: TypeError: Failed to fetch
    at useView.useCallback[callView] (webpack-internal:///(app-pages-browser)/./hooks/features/view/useView.ts:25:40)
    at useSupraPrice.useCallback[fetchPrice] (webpack-internal:///(app-pages-browser)/./hooks/features/token/useSupraPrice.ts:29:40) @ webpack-internal:///(app-pages-browser)/./node_modules/next/dist/next-devtools/userspace/app/errors/intercept-console-error.js:56
[  668027ms] [ERROR] Error fetching Supra price from DORA: TypeError: Failed to fetch
    at useView.useCallback[callView] (webpack-internal:///(app-pages-browser)/./hooks/features/view/useView.ts:25:40)
    at useSupraPrice.useCallback[fetchPrice] (webpack-internal:///(app-pages-browser)/./hooks/features/token/useSupraPrice.ts:29:40) @ webpack-internal:///(app-pages-browser)/./node_modules/next/dist/next-devtools/userspace/app/errors/intercept-console-error.js:56
[  668027ms] [WARNING] Ribbit wallet not detected @ webpack-internal:///(app-pages-browser)/./node_modules/ribbit-wallet-connect/dist/index.js:23
[  668028ms] [WARNING] Ribbit wallet not detected @ webpack-internal:///(app-pages-browser)/./node_modules/ribbit-wallet-connect/dist/index.js:23
[  671028ms] [WARNING] The resource http://localhost:3000/_next/static/css/app/%5Blocale%5D/layout.css?v=1791240792207 was preloaded using link preload but not used within a few seconds from the window's load event. Please make sure it has an appropriate `as` value and it is preloaded intentionally. @ http://localhost:3000/en/governance:0
[  671028ms] [WARNING] The resource http://localhost:3000/_next/static/css/app/%5Blocale%5D/layout.css?v=1791240798877 was preloaded using link preload but not used within a few seconds from the window's load event. Please make sure it has an appropriate `as` value and it is preloaded intentionally. @ http://localhost:3000/en/governance:0
[  671028ms] [WARNING] The resource http://localhost:3000/_next/static/css/app/%5Blocale%5D/layout.css?v=1791240806915 was preloaded using link preload but not used within a few seconds from the window's load event. Please make sure it has an appropriate `as` value and it is preloaded intentionally. @ http://localhost:3000/en/governance:0
[  671028ms] [WARNING] The resource http://localhost:3000/_next/static/css/app/%5Blocale%5D/layout.css?v=1791240803292 was preloaded using link preload but not used within a few seconds from the window's load event. Please make sure it has an appropriate `as` value and it is preloaded intentionally. @ http://localhost:3000/en/governance:0
[  671028ms] [WARNING] The resource http://localhost:3000/_next/static/css/app/%5Blocale%5D/layout.css?v=1791240800110 was preloaded using link preload but not used within a few seconds from the window's load event. Please make sure it has an appropriate `as` value and it is preloaded intentionally. @ http://localhost:3000/en/governance:0
[  728025ms] [WARNING] Ribbit wallet not detected @ webpack-internal:///(app-pages-browser)/./node_modules/ribbit-wallet-connect/dist/index.js:23
[  728025ms] [WARNING] Ribbit wallet not detected @ webpack-internal:///(app-pages-browser)/./node_modules/ribbit-wallet-connect/dist/index.js:23
[  728030ms] [ERROR] Failed to load resource: net::ERR_CONNECTION_REFUSED @ http://localhost:3000/api/rpc/mainnet/view:0
[  728030ms] [ERROR] Error in callView: TypeError: Failed to fetch
    at useView.useCallback[callView] (webpack-internal:///(app-pages-browser)/./hooks/features/view/useView.ts:25:40)
    at useSupraPrice.useCallback[fetchPrice] (webpack-internal:///(app-pages-browser)/./hooks/features/token/useSupraPrice.ts:29:40) @ webpack-internal:///(app-pages-browser)/./node_modules/next/dist/next-devtools/userspace/app/errors/intercept-console-error.js:56
[  728030ms] [ERROR] Error fetching Supra price from DORA: TypeError: Failed to fetch
    at useView.useCallback[callView] (webpack-internal:///(app-pages-browser)/./hooks/features/view/useView.ts:25:40)
    at useSupraPrice.useCallback[fetchPrice] (webpack-internal:///(app-pages-browser)/./hooks/features/token/useSupraPrice.ts:29:40) @ webpack-internal:///(app-pages-browser)/./node_modules/next/dist/next-devtools/userspace/app/errors/intercept-console-error.js:56
[  728031ms] [WARNING] Ribbit wallet not detected @ webpack-internal:///(app-pages-browser)/./node_modules/ribbit-wallet-connect/dist/index.js:23
[  728032ms] [WARNING] Ribbit wallet not detected @ webpack-internal:///(app-pages-browser)/./node_modules/ribbit-wallet-connect/dist/index.js:23
[  731031ms] [WARNING] The resource http://localhost:3000/_next/static/css/app/%5Blocale%5D/layout.css?v=1791240792207 was preloaded using link preload but not used within a few seconds from the window's load event. Please make sure it has an appropriate `as` value and it is preloaded intentionally. @ http://localhost:3000/en/governance:0
[  731031ms] [WARNING] The resource http://localhost:3000/_next/static/css/app/%5Blocale%5D/layout.css?v=1791240798877 was preloaded using link preload but not used within a few seconds from the window's load event. Please make sure it has an appropriate `as` value and it is preloaded intentionally. @ http://localhost:3000/en/governance:0
[  731031ms] [WARNING] The resource http://localhost:3000/_next/static/css/app/%5Blocale%5D/layout.css?v=1791240806915 was preloaded using link preload but not used within a few seconds from the window's load event. Please make sure it has an appropriate `as` value and it is preloaded intentionally. @ http://localhost:3000/en/governance:0
[  731031ms] [WARNING] The resource http://localhost:3000/_next/static/css/app/%5Blocale%5D/layout.css?v=1791240803292 was preloaded using link preload but not used within a few seconds from the window's load event. Please make sure it has an appropriate `as` value and it is preloaded intentionally. @ http://localhost:3000/en/governance:0
[  731031ms] [WARNING] The resource http://localhost:3000/_next/static/css/app/%5Blocale%5D/layout.css?v=1791240800110 was preloaded using link preload but not used within a few seconds from the window's load event. Please make sure it has an appropriate `as` value and it is preloaded intentionally. @ http://localhost:3000/en/governance:0
[  788026ms] [WARNING] Ribbit wallet not detected @ webpack-internal:///(app-pages-browser)/./node_modules/ribbit-wallet-connect/dist/index.js:23
[  788027ms] [WARNING] Ribbit wallet not detected @ webpack-internal:///(app-pages-browser)/./node_modules/ribbit-wallet-connect/dist/index.js:23
[  788029ms] [ERROR] Failed to load resource: net::ERR_CONNECTION_REFUSED @ http://localhost:3000/api/rpc/mainnet/view:0
[  788029ms] [ERROR] Error in callView: TypeError: Failed to fetch
    at useView.useCallback[callView] (webpack-internal:///(app-pages-browser)/./hooks/features/view/useView.ts:25:40)
    at useSupraPrice.useCallback[fetchPrice] (webpack-internal:///(app-pages-browser)/./hooks/features/token/useSupraPrice.ts:29:40) @ webpack-internal:///(app-pages-browser)/./node_modules/next/dist/next-devtools/userspace/app/errors/intercept-console-error.js:56
[  788029ms] [ERROR] Error fetching Supra price from DORA: TypeError: Failed to fetch
    at useView.useCallback[callView] (webpack-internal:///(app-pages-browser)/./hooks/features/view/useView.ts:25:40)
    at useSupraPrice.useCallback[fetchPrice] (webpack-internal:///(app-pages-browser)/./hooks/features/token/useSupraPrice.ts:29:40) @ webpack-internal:///(app-pages-browser)/./node_modules/next/dist/next-devtools/userspace/app/errors/intercept-console-error.js:56
[  788030ms] [WARNING] Ribbit wallet not detected @ webpack-internal:///(app-pages-browser)/./node_modules/ribbit-wallet-connect/dist/index.js:23
[  788030ms] [WARNING] Ribbit wallet not detected @ webpack-internal:///(app-pages-browser)/./node_modules/ribbit-wallet-connect/dist/index.js:23
[  791030ms] [WARNING] The resource http://localhost:3000/_next/static/css/app/%5Blocale%5D/layout.css?v=1791240792207 was preloaded using link preload but not used within a few seconds from the window's load event. Please make sure it has an appropriate `as` value and it is preloaded intentionally. @ http://localhost:3000/en/governance:0
[  791030ms] [WARNING] The resource http://localhost:3000/_next/static/css/app/%5Blocale%5D/layout.css?v=1791240798877 was preloaded using link preload but not used within a few seconds from the window's load event. Please make sure it has an appropriate `as` value and it is preloaded intentionally. @ http://localhost:3000/en/governance:0
[  791030ms] [WARNING] The resource http://localhost:3000/_next/static/css/app/%5Blocale%5D/layout.css?v=1791240806915 was preloaded using link preload but not used within a few seconds from the window's load event. Please make sure it has an appropriate `as` value and it is preloaded intentionally. @ http://localhost:3000/en/governance:0
[  791030ms] [WARNING] The resource http://localhost:3000/_next/static/css/app/%5Blocale%5D/layout.css?v=1791240803292 was preloaded using link preload but not used within a few seconds from the window's load event. Please make sure it has an appropriate `as` value and it is preloaded intentionally. @ http://localhost:3000/en/governance:0
[  791030ms] [WARNING] The resource http://localhost:3000/_next/static/css/app/%5Blocale%5D/layout.css?v=1791240800110 was preloaded using link preload but not used within a few seconds from the window's load event. Please make sure it has an appropriate `as` value and it is preloaded intentionally. @ http://localhost:3000/en/governance:0
[  848025ms] [WARNING] Ribbit wallet not detected @ webpack-internal:///(app-pages-browser)/./node_modules/ribbit-wallet-connect/dist/index.js:23
[  848025ms] [WARNING] Ribbit wallet not detected @ webpack-internal:///(app-pages-browser)/./node_modules/ribbit-wallet-connect/dist/index.js:23
[  848027ms] [ERROR] Failed to load resource: net::ERR_CONNECTION_REFUSED @ http://localhost:3000/api/rpc/mainnet/view:0
[  848027ms] [ERROR] Error in callView: TypeError: Failed to fetch
    at useView.useCallback[callView] (webpack-internal:///(app-pages-browser)/./hooks/features/view/useView.ts:25:40)
    at useSupraPrice.useCallback[fetchPrice] (webpack-internal:///(app-pages-browser)/./hooks/features/token/useSupraPrice.ts:29:40) @ webpack-internal:///(app-pages-browser)/./node_modules/next/dist/next-devtools/userspace/app/errors/intercept-console-error.js:56
[  848027ms] [ERROR] Error fetching Supra price from DORA: TypeError: Failed to fetch
    at useView.useCallback[callView] (webpack-internal:///(app-pages-browser)/./hooks/features/view/useView.ts:25:40)
    at useSupraPrice.useCallback[fetchPrice] (webpack-internal:///(app-pages-browser)/./hooks/features/token/useSupraPrice.ts:29:40) @ webpack-internal:///(app-pages-browser)/./node_modules/next/dist/next-devtools/userspace/app/errors/intercept-console-error.js:56
[  848028ms] [WARNING] Ribbit wallet not detected @ webpack-internal:///(app-pages-browser)/./node_modules/ribbit-wallet-connect/dist/index.js:23
[  848029ms] [WARNING] Ribbit wallet not detected @ webpack-internal:///(app-pages-browser)/./node_modules/ribbit-wallet-connect/dist/index.js:23
[  851027ms] [WARNING] The resource http://localhost:3000/_next/static/css/app/%5Blocale%5D/layout.css?v=1791240792207 was preloaded using link preload but not used within a few seconds from the window's load event. Please make sure it has an appropriate `as` value and it is preloaded intentionally. @ http://localhost:3000/en/governance:0
[  851027ms] [WARNING] The resource http://localhost:3000/_next/static/css/app/%5Blocale%5D/layout.css?v=1791240798877 was preloaded using link preload but not used within a few seconds from the window's load event. Please make sure it has an appropriate `as` value and it is preloaded intentionally. @ http://localhost:3000/en/governance:0
[  851027ms] [WARNING] The resource http://localhost:3000/_next/static/css/app/%5Blocale%5D/layout.css?v=1791240806915 was preloaded using link preload but not used within a few seconds from the window's load event. Please make sure it has an appropriate `as` value and it is preloaded intentionally. @ http://localhost:3000/en/governance:0
[  851027ms] [WARNING] The resource http://localhost:3000/_next/static/css/app/%5Blocale%5D/layout.css?v=1791240803292 was preloaded using link preload but not used within a few seconds from the window's load event. Please make sure it has an appropriate `as` value and it is preloaded intentionally. @ http://localhost:3000/en/governance:0
[  851028ms] [WARNING] The resource http://localhost:3000/_next/static/css/app/%5Blocale%5D/layout.css?v=1791240800110 was preloaded using link preload but not used within a few seconds from the window's load event. Please make sure it has an appropriate `as` value and it is preloaded intentionally. @ http://localhost:3000/en/governance:0
[  908024ms] [WARNING] Ribbit wallet not detected @ webpack-internal:///(app-pages-browser)/./node_modules/ribbit-wallet-connect/dist/index.js:23
[  908024ms] [WARNING] Ribbit wallet not detected @ webpack-internal:///(app-pages-browser)/./node_modules/ribbit-wallet-connect/dist/index.js:23
[  908026ms] [ERROR] Failed to load resource: net::ERR_CONNECTION_REFUSED @ http://localhost:3000/api/rpc/mainnet/view:0
[  908026ms] [ERROR] Error in callView: TypeError: Failed to fetch
    at useView.useCallback[callView] (webpack-internal:///(app-pages-browser)/./hooks/features/view/useView.ts:25:40)
    at useSupraPrice.useCallback[fetchPrice] (webpack-internal:///(app-pages-browser)/./hooks/features/token/useSupraPrice.ts:29:40) @ webpack-internal:///(app-pages-browser)/./node_modules/next/dist/next-devtools/userspace/app/errors/intercept-console-error.js:56
[  908026ms] [ERROR] Error fetching Supra price from DORA: TypeError: Failed to fetch
    at useView.useCallback[callView] (webpack-internal:///(app-pages-browser)/./hooks/features/view/useView.ts:25:40)
    at useSupraPrice.useCallback[fetchPrice] (webpack-internal:///(app-pages-browser)/./hooks/features/token/useSupraPrice.ts:29:40) @ webpack-internal:///(app-pages-browser)/./node_modules/next/dist/next-devtools/userspace/app/errors/intercept-console-error.js:56
[  908027ms] [WARNING] Ribbit wallet not detected @ webpack-internal:///(app-pages-browser)/./node_modules/ribbit-wallet-connect/dist/index.js:23
[  908027ms] [WARNING] Ribbit wallet not detected @ webpack-internal:///(app-pages-browser)/./node_modules/ribbit-wallet-connect/dist/index.js:23
[  911027ms] [WARNING] The resource http://localhost:3000/_next/static/css/app/%5Blocale%5D/layout.css?v=1791240792207 was preloaded using link preload but not used within a few seconds from the window's load event. Please make sure it has an appropriate `as` value and it is preloaded intentionally. @ http://localhost:3000/en/governance:0
[  911028ms] [WARNING] The resource http://localhost:3000/_next/static/css/app/%5Blocale%5D/layout.css?v=1791240798877 was preloaded using link preload but not used within a few seconds from the window's load event. Please make sure it has an appropriate `as` value and it is preloaded intentionally. @ http://localhost:3000/en/governance:0
[  911028ms] [WARNING] The resource http://localhost:3000/_next/static/css/app/%5Blocale%5D/layout.css?v=1791240806915 was preloaded using link preload but not used within a few seconds from the window's load event. Please make sure it has an appropriate `as` value and it is preloaded intentionally. @ http://localhost:3000/en/governance:0
[  911028ms] [WARNING] The resource http://localhost:3000/_next/static/css/app/%5Blocale%5D/layout.css?v=1791240803292 was preloaded using link preload but not used within a few seconds from the window's load event. Please make sure it has an appropriate `as` value and it is preloaded intentionally. @ http://localhost:3000/en/governance:0
[  911028ms] [WARNING] The resource http://localhost:3000/_next/static/css/app/%5Blocale%5D/layout.css?v=1791240800110 was preloaded using link preload but not used within a few seconds from the window's load event. Please make sure it has an appropriate `as` value and it is preloaded intentionally. @ http://localhost:3000/en/governance:0
[  968026ms] [WARNING] Ribbit wallet not detected @ webpack-internal:///(app-pages-browser)/./node_modules/ribbit-wallet-connect/dist/index.js:23
[  968026ms] [WARNING] Ribbit wallet not detected @ webpack-internal:///(app-pages-browser)/./node_modules/ribbit-wallet-connect/dist/index.js:23
[  968029ms] [ERROR] Failed to load resource: net::ERR_CONNECTION_REFUSED @ http://localhost:3000/api/rpc/mainnet/view:0
[  968029ms] [ERROR] Error in callView: TypeError: Failed to fetch
    at useView.useCallback[callView] (webpack-internal:///(app-pages-browser)/./hooks/features/view/useView.ts:25:40)
    at useSupraPrice.useCallback[fetchPrice] (webpack-internal:///(app-pages-browser)/./hooks/features/token/useSupraPrice.ts:29:40) @ webpack-internal:///(app-pages-browser)/./node_modules/next/dist/next-devtools/userspace/app/errors/intercept-console-error.js:56
[  968029ms] [ERROR] Error fetching Supra price from DORA: TypeError: Failed to fetch
    at useView.useCallback[callView] (webpack-internal:///(app-pages-browser)/./hooks/features/view/useView.ts:25:40)
    at useSupraPrice.useCallback[fetchPrice] (webpack-internal:///(app-pages-browser)/./hooks/features/token/useSupraPrice.ts:29:40) @ webpack-internal:///(app-pages-browser)/./node_modules/next/dist/next-devtools/userspace/app/errors/intercept-console-error.js:56
[  968032ms] [WARNING] Ribbit wallet not detected @ webpack-internal:///(app-pages-browser)/./node_modules/ribbit-wallet-connect/dist/index.js:23
[  968033ms] [WARNING] Ribbit wallet not detected @ webpack-internal:///(app-pages-browser)/./node_modules/ribbit-wallet-connect/dist/index.js:23
[  971029ms] [WARNING] The resource http://localhost:3000/_next/static/css/app/%5Blocale%5D/layout.css?v=1791240792207 was preloaded using link preload but not used within a few seconds from the window's load event. Please make sure it has an appropriate `as` value and it is preloaded intentionally. @ http://localhost:3000/en/governance:0
[  971030ms] [WARNING] The resource http://localhost:3000/_next/static/css/app/%5Blocale%5D/layout.css?v=1791240798877 was preloaded using link preload but not used within a few seconds from the window's load event. Please make sure it has an appropriate `as` value and it is preloaded intentionally. @ http://localhost:3000/en/governance:0
[  971030ms] [WARNING] The resource http://localhost:3000/_next/static/css/app/%5Blocale%5D/layout.css?v=1791240806915 was preloaded using link preload but not used within a few seconds from the window's load event. Please make sure it has an appropriate `as` value and it is preloaded intentionally. @ http://localhost:3000/en/governance:0
[  971030ms] [WARNING] The resource http://localhost:3000/_next/static/css/app/%5Blocale%5D/layout.css?v=1791240803292 was preloaded using link preload but not used within a few seconds from the window's load event. Please make sure it has an appropriate `as` value and it is preloaded intentionally. @ http://localhost:3000/en/governance:0
[  971030ms] [WARNING] The resource http://localhost:3000/_next/static/css/app/%5Blocale%5D/layout.css?v=1791240800110 was preloaded using link preload but not used within a few seconds from the window's load event. Please make sure it has an appropriate `as` value and it is preloaded intentionally. @ http://localhost:3000/en/governance:0
[ 1028025ms] [WARNING] Ribbit wallet not detected @ webpack-internal:///(app-pages-browser)/./node_modules/ribbit-wallet-connect/dist/index.js:23
[ 1028025ms] [WARNING] Ribbit wallet not detected @ webpack-internal:///(app-pages-browser)/./node_modules/ribbit-wallet-connect/dist/index.js:23
[ 1028027ms] [ERROR] Failed to load resource: net::ERR_CONNECTION_REFUSED @ http://localhost:3000/api/rpc/mainnet/view:0
[ 1028027ms] [ERROR] Error in callView: TypeError: Failed to fetch
    at useView.useCallback[callView] (webpack-internal:///(app-pages-browser)/./hooks/features/view/useView.ts:25:40)
    at useSupraPrice.useCallback[fetchPrice] (webpack-internal:///(app-pages-browser)/./hooks/features/token/useSupraPrice.ts:29:40) @ webpack-internal:///(app-pages-browser)/./node_modules/next/dist/next-devtools/userspace/app/errors/intercept-console-error.js:56
[ 1028028ms] [ERROR] Error fetching Supra price from DORA: TypeError: Failed to fetch
    at useView.useCallback[callView] (webpack-internal:///(app-pages-browser)/./hooks/features/view/useView.ts:25:40)
    at useSupraPrice.useCallback[fetchPrice] (webpack-internal:///(app-pages-browser)/./hooks/features/token/useSupraPrice.ts:29:40) @ webpack-internal:///(app-pages-browser)/./node_modules/next/dist/next-devtools/userspace/app/errors/intercept-console-error.js:56
[ 1028029ms] [WARNING] Ribbit wallet not detected @ webpack-internal:///(app-pages-browser)/./node_modules/ribbit-wallet-connect/dist/index.js:23
[ 1028030ms] [WARNING] Ribbit wallet not detected @ webpack-internal:///(app-pages-browser)/./node_modules/ribbit-wallet-connect/dist/index.js:23
[ 1031029ms] [WARNING] The resource http://localhost:3000/_next/static/css/app/%5Blocale%5D/layout.css?v=1791240792207 was preloaded using link preload but not used within a few seconds from the window's load event. Please make sure it has an appropriate `as` value and it is preloaded intentionally. @ http://localhost:3000/en/governance:0
[ 1031029ms] [WARNING] The resource http://localhost:3000/_next/static/css/app/%5Blocale%5D/layout.css?v=1791240798877 was preloaded using link preload but not used within a few seconds from the window's load event. Please make sure it has an appropriate `as` value and it is preloaded intentionally. @ http://localhost:3000/en/governance:0
[ 1031029ms] [WARNING] The resource http://localhost:3000/_next/static/css/app/%5Blocale%5D/layout.css?v=1791240806915 was preloaded using link preload but not used within a few seconds from the window's load event. Please make sure it has an appropriate `as` value and it is preloaded intentionally. @ http://localhost:3000/en/governance:0
[ 1031029ms] [WARNING] The resource http://localhost:3000/_next/static/css/app/%5Blocale%5D/layout.css?v=1791240803292 was preloaded using link preload but not used within a few seconds from the window's load event. Please make sure it has an appropriate `as` value and it is preloaded intentionally. @ http://localhost:3000/en/governance:0
[ 1031029ms] [WARNING] The resource http://localhost:3000/_next/static/css/app/%5Blocale%5D/layout.css?v=1791240800110 was preloaded using link preload but not used within a few seconds from the window's load event. Please make sure it has an appropriate `as` value and it is preloaded intentionally. @ http://localhost:3000/en/governance:0
[ 1088027ms] [WARNING] Ribbit wallet not detected @ webpack-internal:///(app-pages-browser)/./node_modules/ribbit-wallet-connect/dist/index.js:23
[ 1088027ms] [WARNING] Ribbit wallet not detected @ webpack-internal:///(app-pages-browser)/./node_modules/ribbit-wallet-connect/dist/index.js:23
[ 1088029ms] [ERROR] Failed to load resource: net::ERR_CONNECTION_REFUSED @ http://localhost:3000/api/rpc/mainnet/view:0
[ 1088029ms] [ERROR] Error in callView: TypeError: Failed to fetch
    at useView.useCallback[callView] (webpack-internal:///(app-pages-browser)/./hooks/features/view/useView.ts:25:40)
    at useSupraPrice.useCallback[fetchPrice] (webpack-internal:///(app-pages-browser)/./hooks/features/token/useSupraPrice.ts:29:40) @ webpack-internal:///(app-pages-browser)/./node_modules/next/dist/next-devtools/userspace/app/errors/intercept-console-error.js:56
[ 1088029ms] [ERROR] Error fetching Supra price from DORA: TypeError: Failed to fetch
    at useView.useCallback[callView] (webpack-internal:///(app-pages-browser)/./hooks/features/view/useView.ts:25:40)
    at useSupraPrice.useCallback[fetchPrice] (webpack-internal:///(app-pages-browser)/./hooks/features/token/useSupraPrice.ts:29:40) @ webpack-internal:///(app-pages-browser)/./node_modules/next/dist/next-devtools/userspace/app/errors/intercept-console-error.js:56
[ 1088030ms] [WARNING] Ribbit wallet not detected @ webpack-internal:///(app-pages-browser)/./node_modules/ribbit-wallet-connect/dist/index.js:23
[ 1088031ms] [WARNING] Ribbit wallet not detected @ webpack-internal:///(app-pages-browser)/./node_modules/ribbit-wallet-connect/dist/index.js:23
[ 1091031ms] [WARNING] The resource http://localhost:3000/_next/static/css/app/%5Blocale%5D/layout.css?v=1791240792207 was preloaded using link preload but not used within a few seconds from the window's load event. Please make sure it has an appropriate `as` value and it is preloaded intentionally. @ http://localhost:3000/en/governance:0
[ 1091031ms] [WARNING] The resource http://localhost:3000/_next/static/css/app/%5Blocale%5D/layout.css?v=1791240798877 was preloaded using link preload but not used within a few seconds from the window's load event. Please make sure it has an appropriate `as` value and it is preloaded intentionally. @ http://localhost:3000/en/governance:0
[ 1091031ms] [WARNING] The resource http://localhost:3000/_next/static/css/app/%5Blocale%5D/layout.css?v=1791240806915 was preloaded using link preload but not used within a few seconds from the window's load event. Please make sure it has an appropriate `as` value and it is preloaded intentionally. @ http://localhost:3000/en/governance:0
[ 1091031ms] [WARNING] The resource http://localhost:3000/_next/static/css/app/%5Blocale%5D/layout.css?v=1791240803292 was preloaded using link preload but not used within a few seconds from the window's load event. Please make sure it has an appropriate `as` value and it is preloaded intentionally. @ http://localhost:3000/en/governance:0
[ 1091031ms] [WARNING] The resource http://localhost:3000/_next/static/css/app/%5Blocale%5D/layout.css?v=1791240800110 was preloaded using link preload but not used within a few seconds from the window's load event. Please make sure it has an appropriate `as` value and it is preloaded intentionally. @ http://localhost:3000/en/governance:0
[ 1148024ms] [WARNING] Ribbit wallet not detected @ webpack-internal:///(app-pages-browser)/./node_modules/ribbit-wallet-connect/dist/index.js:23
[ 1148025ms] [WARNING] Ribbit wallet not detected @ webpack-internal:///(app-pages-browser)/./node_modules/ribbit-wallet-connect/dist/index.js:23
[ 1148027ms] [ERROR] Failed to load resource: net::ERR_CONNECTION_REFUSED @ http://localhost:3000/api/rpc/mainnet/view:0
[ 1148027ms] [ERROR] Error in callView: TypeError: Failed to fetch
    at useView.useCallback[callView] (webpack-internal:///(app-pages-browser)/./hooks/features/view/useView.ts:25:40)
    at useSupraPrice.useCallback[fetchPrice] (webpack-internal:///(app-pages-browser)/./hooks/features/token/useSupraPrice.ts:29:40) @ webpack-internal:///(app-pages-browser)/./node_modules/next/dist/next-devtools/userspace/app/errors/intercept-console-error.js:56
[ 1148027ms] [ERROR] Error fetching Supra price from DORA: TypeError: Failed to fetch
    at useView.useCallback[callView] (webpack-internal:///(app-pages-browser)/./hooks/features/view/useView.ts:25:40)
    at useSupraPrice.useCallback[fetchPrice] (webpack-internal:///(app-pages-browser)/./hooks/features/token/useSupraPrice.ts:29:40) @ webpack-internal:///(app-pages-browser)/./node_modules/next/dist/next-devtools/userspace/app/errors/intercept-console-error.js:56
[ 1148027ms] [WARNING] Ribbit wallet not detected @ webpack-internal:///(app-pages-browser)/./node_modules/ribbit-wallet-connect/dist/index.js:23
[ 1148028ms] [WARNING] Ribbit wallet not detected @ webpack-internal:///(app-pages-browser)/./node_modules/ribbit-wallet-connect/dist/index.js:23
[ 1151028ms] [WARNING] The resource http://localhost:3000/_next/static/css/app/%5Blocale%5D/layout.css?v=1791240792207 was preloaded using link preload but not used within a few seconds from the window's load event. Please make sure it has an appropriate `as` value and it is preloaded intentionally. @ http://localhost:3000/en/governance:0
[ 1151028ms] [WARNING] The resource http://localhost:3000/_next/static/css/app/%5Blocale%5D/layout.css?v=1791240798877 was preloaded using link preload but not used within a few seconds from the window's load event. Please make sure it has an appropriate `as` value and it is preloaded intentionally. @ http://localhost:3000/en/governance:0
[ 1151028ms] [WARNING] The resource http://localhost:3000/_next/static/css/app/%5Blocale%5D/layout.css?v=1791240806915 was preloaded using link preload but not used within a few seconds from the window's load event. Please make sure it has an appropriate `as` value and it is preloaded intentionally. @ http://localhost:3000/en/governance:0
[ 1151028ms] [WARNING] The resource http://localhost:3000/_next/static/css/app/%5Blocale%5D/layout.css?v=1791240803292 was preloaded using link preload but not used within a few seconds from the window's load event. Please make sure it has an appropriate `as` value and it is preloaded intentionally. @ http://localhost:3000/en/governance:0
[ 1151028ms] [WARNING] The resource http://localhost:3000/_next/static/css/app/%5Blocale%5D/layout.css?v=1791240800110 was preloaded using link preload but not used within a few seconds from the window's load event. Please make sure it has an appropriate `as` value and it is preloaded intentionally. @ http://localhost:3000/en/governance:0
[ 1208024ms] [WARNING] Ribbit wallet not detected @ webpack-internal:///(app-pages-browser)/./node_modules/ribbit-wallet-connect/dist/index.js:23
[ 1208025ms] [WARNING] Ribbit wallet not detected @ webpack-internal:///(app-pages-browser)/./node_modules/ribbit-wallet-connect/dist/index.js:23
[ 1208026ms] [ERROR] Failed to load resource: net::ERR_CONNECTION_REFUSED @ http://localhost:3000/api/rpc/mainnet/view:0
[ 1208026ms] [ERROR] Error in callView: TypeError: Failed to fetch
    at useView.useCallback[callView] (webpack-internal:///(app-pages-browser)/./hooks/features/view/useView.ts:25:40)
    at useSupraPrice.useCallback[fetchPrice] (webpack-internal:///(app-pages-browser)/./hooks/features/token/useSupraPrice.ts:29:40) @ webpack-internal:///(app-pages-browser)/./node_modules/next/dist/next-devtools/userspace/app/errors/intercept-console-error.js:56
[ 1208026ms] [ERROR] Error fetching Supra price from DORA: TypeError: Failed to fetch
    at useView.useCallback[callView] (webpack-internal:///(app-pages-browser)/./hooks/features/view/useView.ts:25:40)
    at useSupraPrice.useCallback[fetchPrice] (webpack-internal:///(app-pages-browser)/./hooks/features/token/useSupraPrice.ts:29:40) @ webpack-internal:///(app-pages-browser)/./node_modules/next/dist/next-devtools/userspace/app/errors/intercept-console-error.js:56
[ 1208027ms] [WARNING] Ribbit wallet not detected @ webpack-internal:///(app-pages-browser)/./node_modules/ribbit-wallet-connect/dist/index.js:23
[ 1208027ms] [WARNING] Ribbit wallet not detected @ webpack-internal:///(app-pages-browser)/./node_modules/ribbit-wallet-connect/dist/index.js:23
[ 1211027ms] [WARNING] The resource http://localhost:3000/_next/static/css/app/%5Blocale%5D/layout.css?v=1791240792207 was preloaded using link preload but not used within a few seconds from the window's load event. Please make sure it has an appropriate `as` value and it is preloaded intentionally. @ http://localhost:3000/en/governance:0
[ 1211027ms] [WARNING] The resource http://localhost:3000/_next/static/css/app/%5Blocale%5D/layout.css?v=1791240798877 was preloaded using link preload but not used within a few seconds from the window's load event. Please make sure it has an appropriate `as` value and it is preloaded intentionally. @ http://localhost:3000/en/governance:0
[ 1211027ms] [WARNING] The resource http://localhost:3000/_next/static/css/app/%5Blocale%5D/layout.css?v=1791240806915 was preloaded using link preload but not used within a few seconds from the window's load event. Please make sure it has an appropriate `as` value and it is preloaded intentionally. @ http://localhost:3000/en/governance:0
[ 1211027ms] [WARNING] The resource http://localhost:3000/_next/static/css/app/%5Blocale%5D/layout.css?v=1791240803292 was preloaded using link preload but not used within a few seconds from the window's load event. Please make sure it has an appropriate `as` value and it is preloaded intentionally. @ http://localhost:3000/en/governance:0
[ 1211027ms] [WARNING] The resource http://localhost:3000/_next/static/css/app/%5Blocale%5D/layout.css?v=1791240800110 was preloaded using link preload but not used within a few seconds from the window's load event. Please make sure it has an appropriate `as` value and it is preloaded intentionally. @ http://localhost:3000/en/governance:0
[ 1268025ms] [WARNING] Ribbit wallet not detected @ webpack-internal:///(app-pages-browser)/./node_modules/ribbit-wallet-connect/dist/index.js:23
[ 1268026ms] [WARNING] Ribbit wallet not detected @ webpack-internal:///(app-pages-browser)/./node_modules/ribbit-wallet-connect/dist/index.js:23
[ 1268028ms] [ERROR] Failed to load resource: net::ERR_CONNECTION_REFUSED @ http://localhost:3000/api/rpc/mainnet/view:0
[ 1268028ms] [ERROR] Error in callView: TypeError: Failed to fetch
    at useView.useCallback[callView] (webpack-internal:///(app-pages-browser)/./hooks/features/view/useView.ts:25:40)
    at useSupraPrice.useCallback[fetchPrice] (webpack-internal:///(app-pages-browser)/./hooks/features/token/useSupraPrice.ts:29:40) @ webpack-internal:///(app-pages-browser)/./node_modules/next/dist/next-devtools/userspace/app/errors/intercept-console-error.js:56
[ 1268028ms] [ERROR] Error fetching Supra price from DORA: TypeError: Failed to fetch
    at useView.useCallback[callView] (webpack-internal:///(app-pages-browser)/./hooks/features/view/useView.ts:25:40)
    at useSupraPrice.useCallback[fetchPrice] (webpack-internal:///(app-pages-browser)/./hooks/features/token/useSupraPrice.ts:29:40) @ webpack-internal:///(app-pages-browser)/./node_modules/next/dist/next-devtools/userspace/app/errors/intercept-console-error.js:56
[ 1268029ms] [WARNING] Ribbit wallet not detected @ webpack-internal:///(app-pages-browser)/./node_modules/ribbit-wallet-connect/dist/index.js:23
[ 1268029ms] [WARNING] Ribbit wallet not detected @ webpack-internal:///(app-pages-browser)/./node_modules/ribbit-wallet-connect/dist/index.js:23
[ 1271029ms] [WARNING] The resource http://localhost:3000/_next/static/css/app/%5Blocale%5D/layout.css?v=1791240792207 was preloaded using link preload but not used within a few seconds from the window's load event. Please make sure it has an appropriate `as` value and it is preloaded intentionally. @ http://localhost:3000/en/governance:0
[ 1271029ms] [WARNING] The resource http://localhost:3000/_next/static/css/app/%5Blocale%5D/layout.css?v=1791240798877 was preloaded using link preload but not used within a few seconds from the window's load event. Please make sure it has an appropriate `as` value and it is preloaded intentionally. @ http://localhost:3000/en/governance:0
[ 1271029ms] [WARNING] The resource http://localhost:3000/_next/static/css/app/%5Blocale%5D/layout.css?v=1791240806915 was preloaded using link preload but not used within a few seconds from the window's load event. Please make sure it has an appropriate `as` value and it is preloaded intentionally. @ http://localhost:3000/en/governance:0
[ 1271029ms] [WARNING] The resource http://localhost:3000/_next/static/css/app/%5Blocale%5D/layout.css?v=1791240803292 was preloaded using link preload but not used within a few seconds from the window's load event. Please make sure it has an appropriate `as` value and it is preloaded intentionally. @ http://localhost:3000/en/governance:0
[ 1271029ms] [WARNING] The resource http://localhost:3000/_next/static/css/app/%5Blocale%5D/layout.css?v=1791240800110 was preloaded using link preload but not used within a few seconds from the window's load event. Please make sure it has an appropriate `as` value and it is preloaded intentionally. @ http://localhost:3000/en/governance:0
[ 1328024ms] [WARNING] Ribbit wallet not detected @ webpack-internal:///(app-pages-browser)/./node_modules/ribbit-wallet-connect/dist/index.js:23
[ 1328024ms] [WARNING] Ribbit wallet not detected @ webpack-internal:///(app-pages-browser)/./node_modules/ribbit-wallet-connect/dist/index.js:23
[ 1328026ms] [ERROR] Failed to load resource: net::ERR_CONNECTION_REFUSED @ http://localhost:3000/api/rpc/mainnet/view:0
[ 1328026ms] [ERROR] Error in callView: TypeError: Failed to fetch
    at useView.useCallback[callView] (webpack-internal:///(app-pages-browser)/./hooks/features/view/useView.ts:25:40)
    at useSupraPrice.useCallback[fetchPrice] (webpack-internal:///(app-pages-browser)/./hooks/features/token/useSupraPrice.ts:29:40) @ webpack-internal:///(app-pages-browser)/./node_modules/next/dist/next-devtools/userspace/app/errors/intercept-console-error.js:56
[ 1328026ms] [ERROR] Error fetching Supra price from DORA: TypeError: Failed to fetch
    at useView.useCallback[callView] (webpack-internal:///(app-pages-browser)/./hooks/features/view/useView.ts:25:40)
    at useSupraPrice.useCallback[fetchPrice] (webpack-internal:///(app-pages-browser)/./hooks/features/token/useSupraPrice.ts:29:40) @ webpack-internal:///(app-pages-browser)/./node_modules/next/dist/next-devtools/userspace/app/errors/intercept-console-error.js:56
[ 1328027ms] [WARNING] Ribbit wallet not detected @ webpack-internal:///(app-pages-browser)/./node_modules/ribbit-wallet-connect/dist/index.js:23
[ 1328028ms] [WARNING] Ribbit wallet not detected @ webpack-internal:///(app-pages-browser)/./node_modules/ribbit-wallet-connect/dist/index.js:23
[ 1331027ms] [WARNING] The resource http://localhost:3000/_next/static/css/app/%5Blocale%5D/layout.css?v=1791240792207 was preloaded using link preload but not used within a few seconds from the window's load event. Please make sure it has an appropriate `as` value and it is preloaded intentionally. @ http://localhost:3000/en/governance:0
[ 1331027ms] [WARNING] The resource http://localhost:3000/_next/static/css/app/%5Blocale%5D/layout.css?v=1791240798877 was preloaded using link preload but not used within a few seconds from the window's load event. Please make sure it has an appropriate `as` value and it is preloaded intentionally. @ http://localhost:3000/en/governance:0
[ 1331027ms] [WARNING] The resource http://localhost:3000/_next/static/css/app/%5Blocale%5D/layout.css?v=1791240806915 was preloaded using link preload but not used within a few seconds from the window's load event. Please make sure it has an appropriate `as` value and it is preloaded intentionally. @ http://localhost:3000/en/governance:0
[ 1331027ms] [WARNING] The resource http://localhost:3000/_next/static/css/app/%5Blocale%5D/layout.css?v=1791240803292 was preloaded using link preload but not used within a few seconds from the window's load event. Please make sure it has an appropriate `as` value and it is preloaded intentionally. @ http://localhost:3000/en/governance:0
[ 1331027ms] [WARNING] The resource http://localhost:3000/_next/static/css/app/%5Blocale%5D/layout.css?v=1791240800110 was preloaded using link preload but not used within a few seconds from the window's load event. Please make sure it has an appropriate `as` value and it is preloaded intentionally. @ http://localhost:3000/en/governance:0
[ 1388029ms] [WARNING] Ribbit wallet not detected @ webpack-internal:///(app-pages-browser)/./node_modules/ribbit-wallet-connect/dist/index.js:23
[ 1388030ms] [WARNING] Ribbit wallet not detected @ webpack-internal:///(app-pages-browser)/./node_modules/ribbit-wallet-connect/dist/index.js:23
[ 1389446ms] [WARNING] Ribbit wallet not detected @ webpack-internal:///(app-pages-browser)/./node_modules/ribbit-wallet-connect/dist/index.js:23
[ 1389447ms] [WARNING] Ribbit wallet not detected @ webpack-internal:///(app-pages-browser)/./node_modules/ribbit-wallet-connect/dist/index.js:23
[ 1392445ms] [WARNING] The resource http://localhost:3000/_next/static/css/app/%5Blocale%5D/layout.css?v=1791240792207 was preloaded using link preload but not used within a few seconds from the window's load event. Please make sure it has an appropriate `as` value and it is preloaded intentionally. @ http://localhost:3000/en/governance:0
[ 1392445ms] [WARNING] The resource http://localhost:3000/_next/static/css/app/%5Blocale%5D/layout.css?v=1791240798877 was preloaded using link preload but not used within a few seconds from the window's load event. Please make sure it has an appropriate `as` value and it is preloaded intentionally. @ http://localhost:3000/en/governance:0
[ 1392445ms] [WARNING] The resource http://localhost:3000/_next/static/css/app/%5Blocale%5D/layout.css?v=1791240806915 was preloaded using link preload but not used within a few seconds from the window's load event. Please make sure it has an appropriate `as` value and it is preloaded intentionally. @ http://localhost:3000/en/governance:0
[ 1392445ms] [WARNING] The resource http://localhost:3000/_next/static/css/app/%5Blocale%5D/layout.css?v=1791240803292 was preloaded using link preload but not used within a few seconds from the window's load event. Please make sure it has an appropriate `as` value and it is preloaded intentionally. @ http://localhost:3000/en/governance:0
[ 1392445ms] [WARNING] The resource http://localhost:3000/_next/static/css/app/%5Blocale%5D/layout.css?v=1791240800110 was preloaded using link preload but not used within a few seconds from the window's load event. Please make sure it has an appropriate `as` value and it is preloaded intentionally. @ http://localhost:3000/en/governance:0
[ 1448026ms] [WARNING] Ribbit wallet not detected @ webpack-internal:///(app-pages-browser)/./node_modules/ribbit-wallet-connect/dist/index.js:23
[ 1448026ms] [WARNING] Ribbit wallet not detected @ webpack-internal:///(app-pages-browser)/./node_modules/ribbit-wallet-connect/dist/index.js:23
[ 1449166ms] [WARNING] Ribbit wallet not detected @ webpack-internal:///(app-pages-browser)/./node_modules/ribbit-wallet-connect/dist/index.js:23
[ 1449167ms] [WARNING] Ribbit wallet not detected @ webpack-internal:///(app-pages-browser)/./node_modules/ribbit-wallet-connect/dist/index.js:23
[ 1452165ms] [WARNING] The resource http://localhost:3000/_next/static/css/app/%5Blocale%5D/layout.css?v=1791240792207 was preloaded using link preload but not used within a few seconds from the window's load event. Please make sure it has an appropriate `as` value and it is preloaded intentionally. @ http://localhost:3000/en/governance:0
[ 1452165ms] [WARNING] The resource http://localhost:3000/_next/static/css/app/%5Blocale%5D/layout.css?v=1791240798877 was preloaded using link preload but not used within a few seconds from the window's load event. Please make sure it has an appropriate `as` value and it is preloaded intentionally. @ http://localhost:3000/en/governance:0
[ 1452165ms] [WARNING] The resource http://localhost:3000/_next/static/css/app/%5Blocale%5D/layout.css?v=1791240806915 was preloaded using link preload but not used within a few seconds from the window's load event. Please make sure it has an appropriate `as` value and it is preloaded intentionally. @ http://localhost:3000/en/governance:0
[ 1452165ms] [WARNING] The resource http://localhost:3000/_next/static/css/app/%5Blocale%5D/layout.css?v=1791240803292 was preloaded using link preload but not used within a few seconds from the window's load event. Please make sure it has an appropriate `as` value and it is preloaded intentionally. @ http://localhost:3000/en/governance:0
[ 1452165ms] [WARNING] The resource http://localhost:3000/_next/static/css/app/%5Blocale%5D/layout.css?v=1791240800110 was preloaded using link preload but not used within a few seconds from the window's load event. Please make sure it has an appropriate `as` value and it is preloaded intentionally. @ http://localhost:3000/en/governance:0
[ 1508026ms] [WARNING] Ribbit wallet not detected @ webpack-internal:///(app-pages-browser)/./node_modules/ribbit-wallet-connect/dist/index.js:23
[ 1508026ms] [WARNING] Ribbit wallet not detected @ webpack-internal:///(app-pages-browser)/./node_modules/ribbit-wallet-connect/dist/index.js:23
[ 1508831ms] [WARNING] Ribbit wallet not detected @ webpack-internal:///(app-pages-browser)/./node_modules/ribbit-wallet-connect/dist/index.js:23
[ 1508831ms] [WARNING] Ribbit wallet not detected @ webpack-internal:///(app-pages-browser)/./node_modules/ribbit-wallet-connect/dist/index.js:23
[ 1511830ms] [WARNING] The resource http://localhost:3000/_next/static/css/app/%5Blocale%5D/layout.css?v=1791240792207 was preloaded using link preload but not used within a few seconds from the window's load event. Please make sure it has an appropriate `as` value and it is preloaded intentionally. @ http://localhost:3000/en/governance:0
[ 1511831ms] [WARNING] The resource http://localhost:3000/_next/static/css/app/%5Blocale%5D/layout.css?v=1791240798877 was preloaded using link preload but not used within a few seconds from the window's load event. Please make sure it has an appropriate `as` value and it is preloaded intentionally. @ http://localhost:3000/en/governance:0
[ 1511831ms] [WARNING] The resource http://localhost:3000/_next/static/css/app/%5Blocale%5D/layout.css?v=1791240806915 was preloaded using link preload but not used within a few seconds from the window's load event. Please make sure it has an appropriate `as` value and it is preloaded intentionally. @ http://localhost:3000/en/governance:0
[ 1511831ms] [WARNING] The resource http://localhost:3000/_next/static/css/app/%5Blocale%5D/layout.css?v=1791240803292 was preloaded using link preload but not used within a few seconds from the window's load event. Please make sure it has an appropriate `as` value and it is preloaded intentionally. @ http://localhost:3000/en/governance:0
[ 1511831ms] [WARNING] The resource http://localhost:3000/_next/static/css/app/%5Blocale%5D/layout.css?v=1791240800110 was preloaded using link preload but not used within a few seconds from the window's load event. Please make sure it has an appropriate `as` value and it is preloaded intentionally. @ http://localhost:3000/en/governance:0
[ 1568024ms] [WARNING] Ribbit wallet not detected @ webpack-internal:///(app-pages-browser)/./node_modules/ribbit-wallet-connect/dist/index.js:23
[ 1568024ms] [WARNING] Ribbit wallet not detected @ webpack-internal:///(app-pages-browser)/./node_modules/ribbit-wallet-connect/dist/index.js:23
[ 1568670ms] [WARNING] Ribbit wallet not detected @ webpack-internal:///(app-pages-browser)/./node_modules/ribbit-wallet-connect/dist/index.js:23
[ 1568671ms] [WARNING] Ribbit wallet not detected @ webpack-internal:///(app-pages-browser)/./node_modules/ribbit-wallet-connect/dist/index.js:23
[ 1571668ms] [WARNING] The resource http://localhost:3000/_next/static/css/app/%5Blocale%5D/layout.css?v=1791240792207 was preloaded using link preload but not used within a few seconds from the window's load event. Please make sure it has an appropriate `as` value and it is preloaded intentionally. @ http://localhost:3000/en/governance:0
[ 1571668ms] [WARNING] The resource http://localhost:3000/_next/static/css/app/%5Blocale%5D/layout.css?v=1791240798877 was preloaded using link preload but not used within a few seconds from the window's load event. Please make sure it has an appropriate `as` value and it is preloaded intentionally. @ http://localhost:3000/en/governance:0
[ 1571668ms] [WARNING] The resource http://localhost:3000/_next/static/css/app/%5Blocale%5D/layout.css?v=1791240806915 was preloaded using link preload but not used within a few seconds from the window's load event. Please make sure it has an appropriate `as` value and it is preloaded intentionally. @ http://localhost:3000/en/governance:0
[ 1571668ms] [WARNING] The resource http://localhost:3000/_next/static/css/app/%5Blocale%5D/layout.css?v=1791240803292 was preloaded using link preload but not used within a few seconds from the window's load event. Please make sure it has an appropriate `as` value and it is preloaded intentionally. @ http://localhost:3000/en/governance:0
[ 1571668ms] [WARNING] The resource http://localhost:3000/_next/static/css/app/%5Blocale%5D/layout.css?v=1791240800110 was preloaded using link preload but not used within a few seconds from the window's load event. Please make sure it has an appropriate `as` value and it is preloaded intentionally. @ http://localhost:3000/en/governance:0
[ 1628025ms] [WARNING] Ribbit wallet not detected @ webpack-internal:///(app-pages-browser)/./node_modules/ribbit-wallet-connect/dist/index.js:23
[ 1628025ms] [WARNING] Ribbit wallet not detected @ webpack-internal:///(app-pages-browser)/./node_modules/ribbit-wallet-connect/dist/index.js:23
[ 1628976ms] [WARNING] Ribbit wallet not detected @ webpack-internal:///(app-pages-browser)/./node_modules/ribbit-wallet-connect/dist/index.js:23
[ 1628977ms] [WARNING] Ribbit wallet not detected @ webpack-internal:///(app-pages-browser)/./node_modules/ribbit-wallet-connect/dist/index.js:23
[ 1631976ms] [WARNING] The resource http://localhost:3000/_next/static/css/app/%5Blocale%5D/layout.css?v=1791240792207 was preloaded using link preload but not used within a few seconds from the window's load event. Please make sure it has an appropriate `as` value and it is preloaded intentionally. @ http://localhost:3000/en/governance:0
[ 1631976ms] [WARNING] The resource http://localhost:3000/_next/static/css/app/%5Blocale%5D/layout.css?v=1791240798877 was preloaded using link preload but not used within a few seconds from the window's load event. Please make sure it has an appropriate `as` value and it is preloaded intentionally. @ http://localhost:3000/en/governance:0
[ 1631976ms] [WARNING] The resource http://localhost:3000/_next/static/css/app/%5Blocale%5D/layout.css?v=1791240806915 was preloaded using link preload but not used within a few seconds from the window's load event. Please make sure it has an appropriate `as` value and it is preloaded intentionally. @ http://localhost:3000/en/governance:0
[ 1631976ms] [WARNING] The resource http://localhost:3000/_next/static/css/app/%5Blocale%5D/layout.css?v=1791240803292 was preloaded using link preload but not used within a few seconds from the window's load event. Please make sure it has an appropriate `as` value and it is preloaded intentionally. @ http://localhost:3000/en/governance:0
[ 1631976ms] [WARNING] The resource http://localhost:3000/_next/static/css/app/%5Blocale%5D/layout.css?v=1791240800110 was preloaded using link preload but not used within a few seconds from the window's load event. Please make sure it has an appropriate `as` value and it is preloaded intentionally. @ http://localhost:3000/en/governance:0
[ 1688024ms] [WARNING] Ribbit wallet not detected @ webpack-internal:///(app-pages-browser)/./node_modules/ribbit-wallet-connect/dist/index.js:23
[ 1688024ms] [WARNING] Ribbit wallet not detected @ webpack-internal:///(app-pages-browser)/./node_modules/ribbit-wallet-connect/dist/index.js:23
[ 1688990ms] [WARNING] Ribbit wallet not detected @ webpack-internal:///(app-pages-browser)/./node_modules/ribbit-wallet-connect/dist/index.js:23
[ 1688990ms] [WARNING] Ribbit wallet not detected @ webpack-internal:///(app-pages-browser)/./node_modules/ribbit-wallet-connect/dist/index.js:23
[ 1691989ms] [WARNING] The resource http://localhost:3000/_next/static/css/app/%5Blocale%5D/layout.css?v=1791240792207 was preloaded using link preload but not used within a few seconds from the window's load event. Please make sure it has an appropriate `as` value and it is preloaded intentionally. @ http://localhost:3000/en/governance:0
[ 1691989ms] [WARNING] The resource http://localhost:3000/_next/static/css/app/%5Blocale%5D/layout.css?v=1791240798877 was preloaded using link preload but not used within a few seconds from the window's load event. Please make sure it has an appropriate `as` value and it is preloaded intentionally. @ http://localhost:3000/en/governance:0
[ 1691989ms] [WARNING] The resource http://localhost:3000/_next/static/css/app/%5Blocale%5D/layout.css?v=1791240806915 was preloaded using link preload but not used within a few seconds from the window's load event. Please make sure it has an appropriate `as` value and it is preloaded intentionally. @ http://localhost:3000/en/governance:0
[ 1691989ms] [WARNING] The resource http://localhost:3000/_next/static/css/app/%5Blocale%5D/layout.css?v=1791240803292 was preloaded using link preload but not used within a few seconds from the window's load event. Please make sure it has an appropriate `as` value and it is preloaded intentionally. @ http://localhost:3000/en/governance:0
[ 1691989ms] [WARNING] The resource http://localhost:3000/_next/static/css/app/%5Blocale%5D/layout.css?v=1791240800110 was preloaded using link preload but not used within a few seconds from the window's load event. Please make sure it has an appropriate `as` value and it is preloaded intentionally. @ http://localhost:3000/en/governance:0
[ 1748026ms] [WARNING] Ribbit wallet not detected @ webpack-internal:///(app-pages-browser)/./node_modules/ribbit-wallet-connect/dist/index.js:23
[ 1748027ms] [WARNING] Ribbit wallet not detected @ webpack-internal:///(app-pages-browser)/./node_modules/ribbit-wallet-connect/dist/index.js:23
[ 1748662ms] [WARNING] Ribbit wallet not detected @ webpack-internal:///(app-pages-browser)/./node_modules/ribbit-wallet-connect/dist/index.js:23
[ 1748662ms] [WARNING] Ribbit wallet not detected @ webpack-internal:///(app-pages-browser)/./node_modules/ribbit-wallet-connect/dist/index.js:23
[ 1751661ms] [WARNING] The resource http://localhost:3000/_next/static/css/app/%5Blocale%5D/layout.css?v=1791240792207 was preloaded using link preload but not used within a few seconds from the window's load event. Please make sure it has an appropriate `as` value and it is preloaded intentionally. @ http://localhost:3000/en/governance:0
[ 1751661ms] [WARNING] The resource http://localhost:3000/_next/static/css/app/%5Blocale%5D/layout.css?v=1791240798877 was preloaded using link preload but not used within a few seconds from the window's load event. Please make sure it has an appropriate `as` value and it is preloaded intentionally. @ http://localhost:3000/en/governance:0
[ 1751661ms] [WARNING] The resource http://localhost:3000/_next/static/css/app/%5Blocale%5D/layout.css?v=1791240806915 was preloaded using link preload but not used within a few seconds from the window's load event. Please make sure it has an appropriate `as` value and it is preloaded intentionally. @ http://localhost:3000/en/governance:0
[ 1751661ms] [WARNING] The resource http://localhost:3000/_next/static/css/app/%5Blocale%5D/layout.css?v=1791240803292 was preloaded using link preload but not used within a few seconds from the window's load event. Please make sure it has an appropriate `as` value and it is preloaded intentionally. @ http://localhost:3000/en/governance:0
[ 1751661ms] [WARNING] The resource http://localhost:3000/_next/static/css/app/%5Blocale%5D/layout.css?v=1791240800110 was preloaded using link preload but not used within a few seconds from the window's load event. Please make sure it has an appropriate `as` value and it is preloaded intentionally. @ http://localhost:3000/en/governance:0
[ 1808025ms] [WARNING] Ribbit wallet not detected @ webpack-internal:///(app-pages-browser)/./node_modules/ribbit-wallet-connect/dist/index.js:23
[ 1808026ms] [WARNING] Ribbit wallet not detected @ webpack-internal:///(app-pages-browser)/./node_modules/ribbit-wallet-connect/dist/index.js:23
[ 1808700ms] [WARNING] Ribbit wallet not detected @ webpack-internal:///(app-pages-browser)/./node_modules/ribbit-wallet-connect/dist/index.js:23
[ 1808701ms] [WARNING] Ribbit wallet not detected @ webpack-internal:///(app-pages-browser)/./node_modules/ribbit-wallet-connect/dist/index.js:23
[ 1811700ms] [WARNING] The resource http://localhost:3000/_next/static/css/app/%5Blocale%5D/layout.css?v=1791240792207 was preloaded using link preload but not used within a few seconds from the window's load event. Please make sure it has an appropriate `as` value and it is preloaded intentionally. @ http://localhost:3000/en/governance:0
[ 1811700ms] [WARNING] The resource http://localhost:3000/_next/static/css/app/%5Blocale%5D/layout.css?v=1791240798877 was preloaded using link preload but not used within a few seconds from the window's load event. Please make sure it has an appropriate `as` value and it is preloaded intentionally. @ http://localhost:3000/en/governance:0
[ 1811700ms] [WARNING] The resource http://localhost:3000/_next/static/css/app/%5Blocale%5D/layout.css?v=1791240806915 was preloaded using link preload but not used within a few seconds from the window's load event. Please make sure it has an appropriate `as` value and it is preloaded intentionally. @ http://localhost:3000/en/governance:0
[ 1811700ms] [WARNING] The resource http://localhost:3000/_next/static/css/app/%5Blocale%5D/layout.css?v=1791240803292 was preloaded using link preload but not used within a few seconds from the window's load event. Please make sure it has an appropriate `as` value and it is preloaded intentionally. @ http://localhost:3000/en/governance:0
[ 1811700ms] [WARNING] The resource http://localhost:3000/_next/static/css/app/%5Blocale%5D/layout.css?v=1791240800110 was preloaded using link preload but not used within a few seconds from the window's load event. Please make sure it has an appropriate `as` value and it is preloaded intentionally. @ http://localhost:3000/en/governance:0
[ 1868026ms] [WARNING] Ribbit wallet not detected @ webpack-internal:///(app-pages-browser)/./node_modules/ribbit-wallet-connect/dist/index.js:23
[ 1868026ms] [WARNING] Ribbit wallet not detected @ webpack-internal:///(app-pages-browser)/./node_modules/ribbit-wallet-connect/dist/index.js:23
[ 1868794ms] [WARNING] Ribbit wallet not detected @ webpack-internal:///(app-pages-browser)/./node_modules/ribbit-wallet-connect/dist/index.js:23
[ 1868795ms] [WARNING] Ribbit wallet not detected @ webpack-internal:///(app-pages-browser)/./node_modules/ribbit-wallet-connect/dist/index.js:23
[ 1871795ms] [WARNING] The resource http://localhost:3000/_next/static/css/app/%5Blocale%5D/layout.css?v=1791240792207 was preloaded using link preload but not used within a few seconds from the window's load event. Please make sure it has an appropriate `as` value and it is preloaded intentionally. @ http://localhost:3000/en/governance:0
[ 1871795ms] [WARNING] The resource http://localhost:3000/_next/static/css/app/%5Blocale%5D/layout.css?v=1791240798877 was preloaded using link preload but not used within a few seconds from the window's load event. Please make sure it has an appropriate `as` value and it is preloaded intentionally. @ http://localhost:3000/en/governance:0
[ 1871795ms] [WARNING] The resource http://localhost:3000/_next/static/css/app/%5Blocale%5D/layout.css?v=1791240806915 was preloaded using link preload but not used within a few seconds from the window's load event. Please make sure it has an appropriate `as` value and it is preloaded intentionally. @ http://localhost:3000/en/governance:0
[ 1871795ms] [WARNING] The resource http://localhost:3000/_next/static/css/app/%5Blocale%5D/layout.css?v=1791240803292 was preloaded using link preload but not used within a few seconds from the window's load event. Please make sure it has an appropriate `as` value and it is preloaded intentionally. @ http://localhost:3000/en/governance:0
[ 1871795ms] [WARNING] The resource http://localhost:3000/_next/static/css/app/%5Blocale%5D/layout.css?v=1791240800110 was preloaded using link preload but not used within a few seconds from the window's load event. Please make sure it has an appropriate `as` value and it is preloaded intentionally. @ http://localhost:3000/en/governance:0
[ 1928025ms] [WARNING] Ribbit wallet not detected @ webpack-internal:///(app-pages-browser)/./node_modules/ribbit-wallet-connect/dist/index.js:23
[ 1928026ms] [WARNING] Ribbit wallet not detected @ webpack-internal:///(app-pages-browser)/./node_modules/ribbit-wallet-connect/dist/index.js:23
[ 1928793ms] [WARNING] Ribbit wallet not detected @ webpack-internal:///(app-pages-browser)/./node_modules/ribbit-wallet-connect/dist/index.js:23
[ 1928793ms] [WARNING] Ribbit wallet not detected @ webpack-internal:///(app-pages-browser)/./node_modules/ribbit-wallet-connect/dist/index.js:23
[ 1931793ms] [WARNING] The resource http://localhost:3000/_next/static/css/app/%5Blocale%5D/layout.css?v=1791240792207 was preloaded using link preload but not used within a few seconds from the window's load event. Please make sure it has an appropriate `as` value and it is preloaded intentionally. @ http://localhost:3000/en/governance:0
[ 1931793ms] [WARNING] The resource http://localhost:3000/_next/static/css/app/%5Blocale%5D/layout.css?v=1791240798877 was preloaded using link preload but not used within a few seconds from the window's load event. Please make sure it has an appropriate `as` value and it is preloaded intentionally. @ http://localhost:3000/en/governance:0
[ 1931793ms] [WARNING] The resource http://localhost:3000/_next/static/css/app/%5Blocale%5D/layout.css?v=1791240806915 was preloaded using link preload but not used within a few seconds from the window's load event. Please make sure it has an appropriate `as` value and it is preloaded intentionally. @ http://localhost:3000/en/governance:0
[ 1931793ms] [WARNING] The resource http://localhost:3000/_next/static/css/app/%5Blocale%5D/layout.css?v=1791240803292 was preloaded using link preload but not used within a few seconds from the window's load event. Please make sure it has an appropriate `as` value and it is preloaded intentionally. @ http://localhost:3000/en/governance:0
[ 1931793ms] [WARNING] The resource http://localhost:3000/_next/static/css/app/%5Blocale%5D/layout.css?v=1791240800110 was preloaded using link preload but not used within a few seconds from the window's load event. Please make sure it has an appropriate `as` value and it is preloaded intentionally. @ http://localhost:3000/en/governance:0
[ 1988025ms] [WARNING] Ribbit wallet not detected @ webpack-internal:///(app-pages-browser)/./node_modules/ribbit-wallet-connect/dist/index.js:23
[ 1988025ms] [WARNING] Ribbit wallet not detected @ webpack-internal:///(app-pages-browser)/./node_modules/ribbit-wallet-connect/dist/index.js:23
[ 1989456ms] [WARNING] Ribbit wallet not detected @ webpack-internal:///(app-pages-browser)/./node_modules/ribbit-wallet-connect/dist/index.js:23
[ 1989457ms] [WARNING] Ribbit wallet not detected @ webpack-internal:///(app-pages-browser)/./node_modules/ribbit-wallet-connect/dist/index.js:23
[ 1992456ms] [WARNING] The resource http://localhost:3000/_next/static/css/app/%5Blocale%5D/layout.css?v=1791240792207 was preloaded using link preload but not used within a few seconds from the window's load event. Please make sure it has an appropriate `as` value and it is preloaded intentionally. @ http://localhost:3000/en/governance:0
[ 1992456ms] [WARNING] The resource http://localhost:3000/_next/static/css/app/%5Blocale%5D/layout.css?v=1791240798877 was preloaded using link preload but not used within a few seconds from the window's load event. Please make sure it has an appropriate `as` value and it is preloaded intentionally. @ http://localhost:3000/en/governance:0
[ 1992456ms] [WARNING] The resource http://localhost:3000/_next/static/css/app/%5Blocale%5D/layout.css?v=1791240806915 was preloaded using link preload but not used within a few seconds from the window's load event. Please make sure it has an appropriate `as` value and it is preloaded intentionally. @ http://localhost:3000/en/governance:0
[ 1992456ms] [WARNING] The resource http://localhost:3000/_next/static/css/app/%5Blocale%5D/layout.css?v=1791240803292 was preloaded using link preload but not used within a few seconds from the window's load event. Please make sure it has an appropriate `as` value and it is preloaded intentionally. @ http://localhost:3000/en/governance:0
[ 1992456ms] [WARNING] The resource http://localhost:3000/_next/static/css/app/%5Blocale%5D/layout.css?v=1791240800110 was preloaded using link preload but not used within a few seconds from the window's load event. Please make sure it has an appropriate `as` value and it is preloaded intentionally. @ http://localhost:3000/en/governance:0
[ 2048025ms] [WARNING] Ribbit wallet not detected @ webpack-internal:///(app-pages-browser)/./node_modules/ribbit-wallet-connect/dist/index.js:23
[ 2048026ms] [WARNING] Ribbit wallet not detected @ webpack-internal:///(app-pages-browser)/./node_modules/ribbit-wallet-connect/dist/index.js:23
[ 2048830ms] [WARNING] Ribbit wallet not detected @ webpack-internal:///(app-pages-browser)/./node_modules/ribbit-wallet-connect/dist/index.js:23
[ 2048831ms] [WARNING] Ribbit wallet not detected @ webpack-internal:///(app-pages-browser)/./node_modules/ribbit-wallet-connect/dist/index.js:23
[ 2051830ms] [WARNING] The resource http://localhost:3000/_next/static/css/app/%5Blocale%5D/layout.css?v=1791240792207 was preloaded using link preload but not used within a few seconds from the window's load event. Please make sure it has an appropriate `as` value and it is preloaded intentionally. @ http://localhost:3000/en/governance:0
[ 2051830ms] [WARNING] The resource http://localhost:3000/_next/static/css/app/%5Blocale%5D/layout.css?v=1791240798877 was preloaded using link preload but not used within a few seconds from the window's load event. Please make sure it has an appropriate `as` value and it is preloaded intentionally. @ http://localhost:3000/en/governance:0
[ 2051830ms] [WARNING] The resource http://localhost:3000/_next/static/css/app/%5Blocale%5D/layout.css?v=1791240806915 was preloaded using link preload but not used within a few seconds from the window's load event. Please make sure it has an appropriate `as` value and it is preloaded intentionally. @ http://localhost:3000/en/governance:0
[ 2051830ms] [WARNING] The resource http://localhost:3000/_next/static/css/app/%5Blocale%5D/layout.css?v=1791240803292 was preloaded using link preload but not used within a few seconds from the window's load event. Please make sure it has an appropriate `as` value and it is preloaded intentionally. @ http://localhost:3000/en/governance:0
[ 2051830ms] [WARNING] The resource http://localhost:3000/_next/static/css/app/%5Blocale%5D/layout.css?v=1791240800110 was preloaded using link preload but not used within a few seconds from the window's load event. Please make sure it has an appropriate `as` value and it is preloaded intentionally. @ http://localhost:3000/en/governance:0
[ 2108024ms] [WARNING] Ribbit wallet not detected @ webpack-internal:///(app-pages-browser)/./node_modules/ribbit-wallet-connect/dist/index.js:23
[ 2108025ms] [WARNING] Ribbit wallet not detected @ webpack-internal:///(app-pages-browser)/./node_modules/ribbit-wallet-connect/dist/index.js:23
[ 2111410ms] [WARNING] Ribbit wallet not detected @ webpack-internal:///(app-pages-browser)/./node_modules/ribbit-wallet-connect/dist/index.js:23
[ 2111411ms] [WARNING] Ribbit wallet not detected @ webpack-internal:///(app-pages-browser)/./node_modules/ribbit-wallet-connect/dist/index.js:23
[ 2114410ms] [WARNING] The resource http://localhost:3000/_next/static/css/app/%5Blocale%5D/layout.css?v=1791240792207 was preloaded using link preload but not used within a few seconds from the window's load event. Please make sure it has an appropriate `as` value and it is preloaded intentionally. @ http://localhost:3000/en/governance:0
[ 2114410ms] [WARNING] The resource http://localhost:3000/_next/static/css/app/%5Blocale%5D/layout.css?v=1791240798877 was preloaded using link preload but not used within a few seconds from the window's load event. Please make sure it has an appropriate `as` value and it is preloaded intentionally. @ http://localhost:3000/en/governance:0
[ 2114410ms] [WARNING] The resource http://localhost:3000/_next/static/css/app/%5Blocale%5D/layout.css?v=1791240806915 was preloaded using link preload but not used within a few seconds from the window's load event. Please make sure it has an appropriate `as` value and it is preloaded intentionally. @ http://localhost:3000/en/governance:0
[ 2114410ms] [WARNING] The resource http://localhost:3000/_next/static/css/app/%5Blocale%5D/layout.css?v=1791240803292 was preloaded using link preload but not used within a few seconds from the window's load event. Please make sure it has an appropriate `as` value and it is preloaded intentionally. @ http://localhost:3000/en/governance:0
[ 2114410ms] [WARNING] The resource http://localhost:3000/_next/static/css/app/%5Blocale%5D/layout.css?v=1791240800110 was preloaded using link preload but not used within a few seconds from the window's load event. Please make sure it has an appropriate `as` value and it is preloaded intentionally. @ http://localhost:3000/en/governance:0
[ 2168026ms] [WARNING] Ribbit wallet not detected @ webpack-internal:///(app-pages-browser)/./node_modules/ribbit-wallet-connect/dist/index.js:23
[ 2168027ms] [WARNING] Ribbit wallet not detected @ webpack-internal:///(app-pages-browser)/./node_modules/ribbit-wallet-connect/dist/index.js:23
[ 2168991ms] [WARNING] Ribbit wallet not detected @ webpack-internal:///(app-pages-browser)/./node_modules/ribbit-wallet-connect/dist/index.js:23
[ 2168991ms] [WARNING] Ribbit wallet not detected @ webpack-internal:///(app-pages-browser)/./node_modules/ribbit-wallet-connect/dist/index.js:23
[ 2171990ms] [WARNING] The resource http://localhost:3000/_next/static/css/app/%5Blocale%5D/layout.css?v=1791240792207 was preloaded using link preload but not used within a few seconds from the window's load event. Please make sure it has an appropriate `as` value and it is preloaded intentionally. @ http://localhost:3000/en/governance:0
[ 2171991ms] [WARNING] The resource http://localhost:3000/_next/static/css/app/%5Blocale%5D/layout.css?v=1791240798877 was preloaded using link preload but not used within a few seconds from the window's load event. Please make sure it has an appropriate `as` value and it is preloaded intentionally. @ http://localhost:3000/en/governance:0
[ 2171991ms] [WARNING] The resource http://localhost:3000/_next/static/css/app/%5Blocale%5D/layout.css?v=1791240806915 was preloaded using link preload but not used within a few seconds from the window's load event. Please make sure it has an appropriate `as` value and it is preloaded intentionally. @ http://localhost:3000/en/governance:0
[ 2171991ms] [WARNING] The resource http://localhost:3000/_next/static/css/app/%5Blocale%5D/layout.css?v=1791240803292 was preloaded using link preload but not used within a few seconds from the window's load event. Please make sure it has an appropriate `as` value and it is preloaded intentionally. @ http://localhost:3000/en/governance:0
[ 2171991ms] [WARNING] The resource http://localhost:3000/_next/static/css/app/%5Blocale%5D/layout.css?v=1791240800110 was preloaded using link preload but not used within a few seconds from the window's load event. Please make sure it has an appropriate `as` value and it is preloaded intentionally. @ http://localhost:3000/en/governance:0
[ 2228024ms] [WARNING] Ribbit wallet not detected @ webpack-internal:///(app-pages-browser)/./node_modules/ribbit-wallet-connect/dist/index.js:23
[ 2228025ms] [WARNING] Ribbit wallet not detected @ webpack-internal:///(app-pages-browser)/./node_modules/ribbit-wallet-connect/dist/index.js:23
[ 2228933ms] [WARNING] Ribbit wallet not detected @ webpack-internal:///(app-pages-browser)/./node_modules/ribbit-wallet-connect/dist/index.js:23
[ 2228934ms] [WARNING] Ribbit wallet not detected @ webpack-internal:///(app-pages-browser)/./node_modules/ribbit-wallet-connect/dist/index.js:23
[ 2231933ms] [WARNING] The resource http://localhost:3000/_next/static/css/app/%5Blocale%5D/layout.css?v=1791240792207 was preloaded using link preload but not used within a few seconds from the window's load event. Please make sure it has an appropriate `as` value and it is preloaded intentionally. @ http://localhost:3000/en/governance:0
[ 2231933ms] [WARNING] The resource http://localhost:3000/_next/static/css/app/%5Blocale%5D/layout.css?v=1791240798877 was preloaded using link preload but not used within a few seconds from the window's load event. Please make sure it has an appropriate `as` value and it is preloaded intentionally. @ http://localhost:3000/en/governance:0
[ 2231933ms] [WARNING] The resource http://localhost:3000/_next/static/css/app/%5Blocale%5D/layout.css?v=1791240806915 was preloaded using link preload but not used within a few seconds from the window's load event. Please make sure it has an appropriate `as` value and it is preloaded intentionally. @ http://localhost:3000/en/governance:0
[ 2231933ms] [WARNING] The resource http://localhost:3000/_next/static/css/app/%5Blocale%5D/layout.css?v=1791240803292 was preloaded using link preload but not used within a few seconds from the window's load event. Please make sure it has an appropriate `as` value and it is preloaded intentionally. @ http://localhost:3000/en/governance:0
[ 2231933ms] [WARNING] The resource http://localhost:3000/_next/static/css/app/%5Blocale%5D/layout.css?v=1791240800110 was preloaded using link preload but not used within a few seconds from the window's load event. Please make sure it has an appropriate `as` value and it is preloaded intentionally. @ http://localhost:3000/en/governance:0
[ 2288024ms] [WARNING] Ribbit wallet not detected @ webpack-internal:///(app-pages-browser)/./node_modules/ribbit-wallet-connect/dist/index.js:23
[ 2288025ms] [WARNING] Ribbit wallet not detected @ webpack-internal:///(app-pages-browser)/./node_modules/ribbit-wallet-connect/dist/index.js:23
[ 2288771ms] [WARNING] Ribbit wallet not detected @ webpack-internal:///(app-pages-browser)/./node_modules/ribbit-wallet-connect/dist/index.js:23
[ 2288771ms] [WARNING] Ribbit wallet not detected @ webpack-internal:///(app-pages-browser)/./node_modules/ribbit-wallet-connect/dist/index.js:23
[ 2291770ms] [WARNING] The resource http://localhost:3000/_next/static/css/app/%5Blocale%5D/layout.css?v=1791240792207 was preloaded using link preload but not used within a few seconds from the window's load event. Please make sure it has an appropriate `as` value and it is preloaded intentionally. @ http://localhost:3000/en/governance:0
[ 2291770ms] [WARNING] The resource http://localhost:3000/_next/static/css/app/%5Blocale%5D/layout.css?v=1791240798877 was preloaded using link preload but not used within a few seconds from the window's load event. Please make sure it has an appropriate `as` value and it is preloaded intentionally. @ http://localhost:3000/en/governance:0
[ 2291770ms] [WARNING] The resource http://localhost:3000/_next/static/css/app/%5Blocale%5D/layout.css?v=1791240806915 was preloaded using link preload but not used within a few seconds from the window's load event. Please make sure it has an appropriate `as` value and it is preloaded intentionally. @ http://localhost:3000/en/governance:0
[ 2291770ms] [WARNING] The resource http://localhost:3000/_next/static/css/app/%5Blocale%5D/layout.css?v=1791240803292 was preloaded using link preload but not used within a few seconds from the window's load event. Please make sure it has an appropriate `as` value and it is preloaded intentionally. @ http://localhost:3000/en/governance:0
[ 2291770ms] [WARNING] The resource http://localhost:3000/_next/static/css/app/%5Blocale%5D/layout.css?v=1791240800110 was preloaded using link preload but not used within a few seconds from the window's load event. Please make sure it has an appropriate `as` value and it is preloaded intentionally. @ http://localhost:3000/en/governance:0
[ 2348024ms] [WARNING] Ribbit wallet not detected @ webpack-internal:///(app-pages-browser)/./node_modules/ribbit-wallet-connect/dist/index.js:23
[ 2348024ms] [WARNING] Ribbit wallet not detected @ webpack-internal:///(app-pages-browser)/./node_modules/ribbit-wallet-connect/dist/index.js:23
[ 2349212ms] [WARNING] Ribbit wallet not detected @ webpack-internal:///(app-pages-browser)/./node_modules/ribbit-wallet-connect/dist/index.js:23
[ 2349212ms] [WARNING] Ribbit wallet not detected @ webpack-internal:///(app-pages-browser)/./node_modules/ribbit-wallet-connect/dist/index.js:23
[ 2352210ms] [WARNING] The resource http://localhost:3000/_next/static/css/app/%5Blocale%5D/layout.css?v=1791240792207 was preloaded using link preload but not used within a few seconds from the window's load event. Please make sure it has an appropriate `as` value and it is preloaded intentionally. @ http://localhost:3000/en/governance:0
[ 2352210ms] [WARNING] The resource http://localhost:3000/_next/static/css/app/%5Blocale%5D/layout.css?v=1791240798877 was preloaded using link preload but not used within a few seconds from the window's load event. Please make sure it has an appropriate `as` value and it is preloaded intentionally. @ http://localhost:3000/en/governance:0
[ 2352210ms] [WARNING] The resource http://localhost:3000/_next/static/css/app/%5Blocale%5D/layout.css?v=1791240806915 was preloaded using link preload but not used within a few seconds from the window's load event. Please make sure it has an appropriate `as` value and it is preloaded intentionally. @ http://localhost:3000/en/governance:0
[ 2352210ms] [WARNING] The resource http://localhost:3000/_next/static/css/app/%5Blocale%5D/layout.css?v=1791240803292 was preloaded using link preload but not used within a few seconds from the window's load event. Please make sure it has an appropriate `as` value and it is preloaded intentionally. @ http://localhost:3000/en/governance:0
[ 2352210ms] [WARNING] The resource http://localhost:3000/_next/static/css/app/%5Blocale%5D/layout.css?v=1791240800110 was preloaded using link preload but not used within a few seconds from the window's load event. Please make sure it has an appropriate `as` value and it is preloaded intentionally. @ http://localhost:3000/en/governance:0
[ 2408025ms] [WARNING] Ribbit wallet not detected @ webpack-internal:///(app-pages-browser)/./node_modules/ribbit-wallet-connect/dist/index.js:23
[ 2408026ms] [WARNING] Ribbit wallet not detected @ webpack-internal:///(app-pages-browser)/./node_modules/ribbit-wallet-connect/dist/index.js:23
[ 2408792ms] [WARNING] Ribbit wallet not detected @ webpack-internal:///(app-pages-browser)/./node_modules/ribbit-wallet-connect/dist/index.js:23
[ 2408793ms] [WARNING] Ribbit wallet not detected @ webpack-internal:///(app-pages-browser)/./node_modules/ribbit-wallet-connect/dist/index.js:23
[ 2411793ms] [WARNING] The resource http://localhost:3000/_next/static/css/app/%5Blocale%5D/layout.css?v=1791240792207 was preloaded using link preload but not used within a few seconds from the window's load event. Please make sure it has an appropriate `as` value and it is preloaded intentionally. @ http://localhost:3000/en/governance:0
[ 2411793ms] [WARNING] The resource http://localhost:3000/_next/static/css/app/%5Blocale%5D/layout.css?v=1791240798877 was preloaded using link preload but not used within a few seconds from the window's load event. Please make sure it has an appropriate `as` value and it is preloaded intentionally. @ http://localhost:3000/en/governance:0
[ 2411793ms] [WARNING] The resource http://localhost:3000/_next/static/css/app/%5Blocale%5D/layout.css?v=1791240806915 was preloaded using link preload but not used within a few seconds from the window's load event. Please make sure it has an appropriate `as` value and it is preloaded intentionally. @ http://localhost:3000/en/governance:0
[ 2411793ms] [WARNING] The resource http://localhost:3000/_next/static/css/app/%5Blocale%5D/layout.css?v=1791240803292 was preloaded using link preload but not used within a few seconds from the window's load event. Please make sure it has an appropriate `as` value and it is preloaded intentionally. @ http://localhost:3000/en/governance:0
[ 2411793ms] [WARNING] The resource http://localhost:3000/_next/static/css/app/%5Blocale%5D/layout.css?v=1791240800110 was preloaded using link preload but not used within a few seconds from the window's load event. Please make sure it has an appropriate `as` value and it is preloaded intentionally. @ http://localhost:3000/en/governance:0
[ 2468024ms] [WARNING] Ribbit wallet not detected @ webpack-internal:///(app-pages-browser)/./node_modules/ribbit-wallet-connect/dist/index.js:23
[ 2468025ms] [WARNING] Ribbit wallet not detected @ webpack-internal:///(app-pages-browser)/./node_modules/ribbit-wallet-connect/dist/index.js:23
[ 2469098ms] [WARNING] Ribbit wallet not detected @ webpack-internal:///(app-pages-browser)/./node_modules/ribbit-wallet-connect/dist/index.js:23
[ 2469099ms] [WARNING] Ribbit wallet not detected @ webpack-internal:///(app-pages-browser)/./node_modules/ribbit-wallet-connect/dist/index.js:23
[ 2472098ms] [WARNING] The resource http://localhost:3000/_next/static/css/app/%5Blocale%5D/layout.css?v=1791240792207 was preloaded using link preload but not used within a few seconds from the window's load event. Please make sure it has an appropriate `as` value and it is preloaded intentionally. @ http://localhost:3000/en/governance:0
[ 2472098ms] [WARNING] The resource http://localhost:3000/_next/static/css/app/%5Blocale%5D/layout.css?v=1791240798877 was preloaded using link preload but not used within a few seconds from the window's load event. Please make sure it has an appropriate `as` value and it is preloaded intentionally. @ http://localhost:3000/en/governance:0
[ 2472098ms] [WARNING] The resource http://localhost:3000/_next/static/css/app/%5Blocale%5D/layout.css?v=1791240806915 was preloaded using link preload but not used within a few seconds from the window's load event. Please make sure it has an appropriate `as` value and it is preloaded intentionally. @ http://localhost:3000/en/governance:0
[ 2472098ms] [WARNING] The resource http://localhost:3000/_next/static/css/app/%5Blocale%5D/layout.css?v=1791240803292 was preloaded using link preload but not used within a few seconds from the window's load event. Please make sure it has an appropriate `as` value and it is preloaded intentionally. @ http://localhost:3000/en/governance:0
[ 2472098ms] [WARNING] The resource http://localhost:3000/_next/static/css/app/%5Blocale%5D/layout.css?v=1791240800110 was preloaded using link preload but not used within a few seconds from the window's load event. Please make sure it has an appropriate `as` value and it is preloaded intentionally. @ http://localhost:3000/en/governance:0
[ 2528024ms] [WARNING] Ribbit wallet not detected @ webpack-internal:///(app-pages-browser)/./node_modules/ribbit-wallet-connect/dist/index.js:23
[ 2528025ms] [WARNING] Ribbit wallet not detected @ webpack-internal:///(app-pages-browser)/./node_modules/ribbit-wallet-connect/dist/index.js:23
[ 2528712ms] [WARNING] Ribbit wallet not detected @ webpack-internal:///(app-pages-browser)/./node_modules/ribbit-wallet-connect/dist/index.js:23
[ 2528712ms] [WARNING] Ribbit wallet not detected @ webpack-internal:///(app-pages-browser)/./node_modules/ribbit-wallet-connect/dist/index.js:23
[ 2531712ms] [WARNING] The resource http://localhost:3000/_next/static/css/app/%5Blocale%5D/layout.css?v=1791240792207 was preloaded using link preload but not used within a few seconds from the window's load event. Please make sure it has an appropriate `as` value and it is preloaded intentionally. @ http://localhost:3000/en/governance:0
[ 2531712ms] [WARNING] The resource http://localhost:3000/_next/static/css/app/%5Blocale%5D/layout.css?v=1791240798877 was preloaded using link preload but not used within a few seconds from the window's load event. Please make sure it has an appropriate `as` value and it is preloaded intentionally. @ http://localhost:3000/en/governance:0
[ 2531712ms] [WARNING] The resource http://localhost:3000/_next/static/css/app/%5Blocale%5D/layout.css?v=1791240806915 was preloaded using link preload but not used within a few seconds from the window's load event. Please make sure it has an appropriate `as` value and it is preloaded intentionally. @ http://localhost:3000/en/governance:0
[ 2531712ms] [WARNING] The resource http://localhost:3000/_next/static/css/app/%5Blocale%5D/layout.css?v=1791240803292 was preloaded using link preload but not used within a few seconds from the window's load event. Please make sure it has an appropriate `as` value and it is preloaded intentionally. @ http://localhost:3000/en/governance:0
[ 2531712ms] [WARNING] The resource http://localhost:3000/_next/static/css/app/%5Blocale%5D/layout.css?v=1791240800110 was preloaded using link preload but not used within a few seconds from the window's load event. Please make sure it has an appropriate `as` value and it is preloaded intentionally. @ http://localhost:3000/en/governance:0
[ 2588024ms] [WARNING] Ribbit wallet not detected @ webpack-internal:///(app-pages-browser)/./node_modules/ribbit-wallet-connect/dist/index.js:23
[ 2588025ms] [WARNING] Ribbit wallet not detected @ webpack-internal:///(app-pages-browser)/./node_modules/ribbit-wallet-connect/dist/index.js:23
[ 2589237ms] [WARNING] Ribbit wallet not detected @ webpack-internal:///(app-pages-browser)/./node_modules/ribbit-wallet-connect/dist/index.js:23
[ 2589237ms] [WARNING] Ribbit wallet not detected @ webpack-internal:///(app-pages-browser)/./node_modules/ribbit-wallet-connect/dist/index.js:23
[ 2592236ms] [WARNING] The resource http://localhost:3000/_next/static/css/app/%5Blocale%5D/layout.css?v=1791240792207 was preloaded using link preload but not used within a few seconds from the window's load event. Please make sure it has an appropriate `as` value and it is preloaded intentionally. @ http://localhost:3000/en/governance:0
[ 2592236ms] [WARNING] The resource http://localhost:3000/_next/static/css/app/%5Blocale%5D/layout.css?v=1791240798877 was preloaded using link preload but not used within a few seconds from the window's load event. Please make sure it has an appropriate `as` value and it is preloaded intentionally. @ http://localhost:3000/en/governance:0
[ 2592236ms] [WARNING] The resource http://localhost:3000/_next/static/css/app/%5Blocale%5D/layout.css?v=1791240806915 was preloaded using link preload but not used within a few seconds from the window's load event. Please make sure it has an appropriate `as` value and it is preloaded intentionally. @ http://localhost:3000/en/governance:0
[ 2592236ms] [WARNING] The resource http://localhost:3000/_next/static/css/app/%5Blocale%5D/layout.css?v=1791240803292 was preloaded using link preload but not used within a few seconds from the window's load event. Please make sure it has an appropriate `as` value and it is preloaded intentionally. @ http://localhost:3000/en/governance:0
[ 2592236ms] [WARNING] The resource http://localhost:3000/_next/static/css/app/%5Blocale%5D/layout.css?v=1791240800110 was preloaded using link preload but not used within a few seconds from the window's load event. Please make sure it has an appropriate `as` value and it is preloaded intentionally. @ http://localhost:3000/en/governance:0
[ 2648028ms] [WARNING] Ribbit wallet not detected @ webpack-internal:///(app-pages-browser)/./node_modules/ribbit-wallet-connect/dist/index.js:23
[ 2648029ms] [WARNING] Ribbit wallet not detected @ webpack-internal:///(app-pages-browser)/./node_modules/ribbit-wallet-connect/dist/index.js:23
[ 2648936ms] [WARNING] Ribbit wallet not detected @ webpack-internal:///(app-pages-browser)/./node_modules/ribbit-wallet-connect/dist/index.js:23
[ 2648937ms] [WARNING] Ribbit wallet not detected @ webpack-internal:///(app-pages-browser)/./node_modules/ribbit-wallet-connect/dist/index.js:23
[ 2651937ms] [WARNING] The resource http://localhost:3000/_next/static/css/app/%5Blocale%5D/layout.css?v=1791240792207 was preloaded using link preload but not used within a few seconds from the window's load event. Please make sure it has an appropriate `as` value and it is preloaded intentionally. @ http://localhost:3000/en/governance:0
[ 2651937ms] [WARNING] The resource http://localhost:3000/_next/static/css/app/%5Blocale%5D/layout.css?v=1791240798877 was preloaded using link preload but not used within a few seconds from the window's load event. Please make sure it has an appropriate `as` value and it is preloaded intentionally. @ http://localhost:3000/en/governance:0
[ 2651937ms] [WARNING] The resource http://localhost:3000/_next/static/css/app/%5Blocale%5D/layout.css?v=1791240806915 was preloaded using link preload but not used within a few seconds from the window's load event. Please make sure it has an appropriate `as` value and it is preloaded intentionally. @ http://localhost:3000/en/governance:0
[ 2651937ms] [WARNING] The resource http://localhost:3000/_next/static/css/app/%5Blocale%5D/layout.css?v=1791240803292 was preloaded using link preload but not used within a few seconds from the window's load event. Please make sure it has an appropriate `as` value and it is preloaded intentionally. @ http://localhost:3000/en/governance:0
[ 2651937ms] [WARNING] The resource http://localhost:3000/_next/static/css/app/%5Blocale%5D/layout.css?v=1791240800110 was preloaded using link preload but not used within a few seconds from the window's load event. Please make sure it has an appropriate `as` value and it is preloaded intentionally. @ http://localhost:3000/en/governance:0
[ 2708027ms] [WARNING] Ribbit wallet not detected @ webpack-internal:///(app-pages-browser)/./node_modules/ribbit-wallet-connect/dist/index.js:23
[ 2708027ms] [WARNING] Ribbit wallet not detected @ webpack-internal:///(app-pages-browser)/./node_modules/ribbit-wallet-connect/dist/index.js:23
[ 2708716ms] [WARNING] Ribbit wallet not detected @ webpack-internal:///(app-pages-browser)/./node_modules/ribbit-wallet-connect/dist/index.js:23
[ 2708717ms] [WARNING] Ribbit wallet not detected @ webpack-internal:///(app-pages-browser)/./node_modules/ribbit-wallet-connect/dist/index.js:23
[ 2711716ms] [WARNING] The resource http://localhost:3000/_next/static/css/app/%5Blocale%5D/layout.css?v=1791240792207 was preloaded using link preload but not used within a few seconds from the window's load event. Please make sure it has an appropriate `as` value and it is preloaded intentionally. @ http://localhost:3000/en/governance:0
[ 2711716ms] [WARNING] The resource http://localhost:3000/_next/static/css/app/%5Blocale%5D/layout.css?v=1791240798877 was preloaded using link preload but not used within a few seconds from the window's load event. Please make sure it has an appropriate `as` value and it is preloaded intentionally. @ http://localhost:3000/en/governance:0
[ 2711716ms] [WARNING] The resource http://localhost:3000/_next/static/css/app/%5Blocale%5D/layout.css?v=1791240806915 was preloaded using link preload but not used within a few seconds from the window's load event. Please make sure it has an appropriate `as` value and it is preloaded intentionally. @ http://localhost:3000/en/governance:0
[ 2711716ms] [WARNING] The resource http://localhost:3000/_next/static/css/app/%5Blocale%5D/layout.css?v=1791240803292 was preloaded using link preload but not used within a few seconds from the window's load event. Please make sure it has an appropriate `as` value and it is preloaded intentionally. @ http://localhost:3000/en/governance:0
[ 2711716ms] [WARNING] The resource http://localhost:3000/_next/static/css/app/%5Blocale%5D/layout.css?v=1791240800110 was preloaded using link preload but not used within a few seconds from the window's load event. Please make sure it has an appropriate `as` value and it is preloaded intentionally. @ http://localhost:3000/en/governance:0
[ 2768025ms] [WARNING] Ribbit wallet not detected @ webpack-internal:///(app-pages-browser)/./node_modules/ribbit-wallet-connect/dist/index.js:23
[ 2768025ms] [WARNING] Ribbit wallet not detected @ webpack-internal:///(app-pages-browser)/./node_modules/ribbit-wallet-connect/dist/index.js:23
[ 2768829ms] [WARNING] Ribbit wallet not detected @ webpack-internal:///(app-pages-browser)/./node_modules/ribbit-wallet-connect/dist/index.js:23
[ 2768829ms] [WARNING] Ribbit wallet not detected @ webpack-internal:///(app-pages-browser)/./node_modules/ribbit-wallet-connect/dist/index.js:23
[ 2771828ms] [WARNING] The resource http://localhost:3000/_next/static/css/app/%5Blocale%5D/layout.css?v=1791240792207 was preloaded using link preload but not used within a few seconds from the window's load event. Please make sure it has an appropriate `as` value and it is preloaded intentionally. @ http://localhost:3000/en/governance:0
[ 2771829ms] [WARNING] The resource http://localhost:3000/_next/static/css/app/%5Blocale%5D/layout.css?v=1791240798877 was preloaded using link preload but not used within a few seconds from the window's load event. Please make sure it has an appropriate `as` value and it is preloaded intentionally. @ http://localhost:3000/en/governance:0
[ 2771829ms] [WARNING] The resource http://localhost:3000/_next/static/css/app/%5Blocale%5D/layout.css?v=1791240806915 was preloaded using link preload but not used within a few seconds from the window's load event. Please make sure it has an appropriate `as` value and it is preloaded intentionally. @ http://localhost:3000/en/governance:0
[ 2771829ms] [WARNING] The resource http://localhost:3000/_next/static/css/app/%5Blocale%5D/layout.css?v=1791240803292 was preloaded using link preload but not used within a few seconds from the window's load event. Please make sure it has an appropriate `as` value and it is preloaded intentionally. @ http://localhost:3000/en/governance:0
[ 2771829ms] [WARNING] The resource http://localhost:3000/_next/static/css/app/%5Blocale%5D/layout.css?v=1791240800110 was preloaded using link preload but not used within a few seconds from the window's load event. Please make sure it has an appropriate `as` value and it is preloaded intentionally. @ http://localhost:3000/en/governance:0
[ 2828024ms] [WARNING] Ribbit wallet not detected @ webpack-internal:///(app-pages-browser)/./node_modules/ribbit-wallet-connect/dist/index.js:23
[ 2828025ms] [WARNING] Ribbit wallet not detected @ webpack-internal:///(app-pages-browser)/./node_modules/ribbit-wallet-connect/dist/index.js:23
[ 2829029ms] [WARNING] Ribbit wallet not detected @ webpack-internal:///(app-pages-browser)/./node_modules/ribbit-wallet-connect/dist/index.js:23
[ 2829030ms] [WARNING] Ribbit wallet not detected @ webpack-internal:///(app-pages-browser)/./node_modules/ribbit-wallet-connect/dist/index.js:23
[ 2832028ms] [WARNING] The resource http://localhost:3000/_next/static/css/app/%5Blocale%5D/layout.css?v=1791240792207 was preloaded using link preload but not used within a few seconds from the window's load event. Please make sure it has an appropriate `as` value and it is preloaded intentionally. @ http://localhost:3000/en/governance:0
[ 2832028ms] [WARNING] The resource http://localhost:3000/_next/static/css/app/%5Blocale%5D/layout.css?v=1791240798877 was preloaded using link preload but not used within a few seconds from the window's load event. Please make sure it has an appropriate `as` value and it is preloaded intentionally. @ http://localhost:3000/en/governance:0
[ 2832028ms] [WARNING] The resource http://localhost:3000/_next/static/css/app/%5Blocale%5D/layout.css?v=1791240806915 was preloaded using link preload but not used within a few seconds from the window's load event. Please make sure it has an appropriate `as` value and it is preloaded intentionally. @ http://localhost:3000/en/governance:0
[ 2832028ms] [WARNING] The resource http://localhost:3000/_next/static/css/app/%5Blocale%5D/layout.css?v=1791240803292 was preloaded using link preload but not used within a few seconds from the window's load event. Please make sure it has an appropriate `as` value and it is preloaded intentionally. @ http://localhost:3000/en/governance:0
[ 2832029ms] [WARNING] The resource http://localhost:3000/_next/static/css/app/%5Blocale%5D/layout.css?v=1791240800110 was preloaded using link preload but not used within a few seconds from the window's load event. Please make sure it has an appropriate `as` value and it is preloaded intentionally. @ http://localhost:3000/en/governance:0
[ 2888024ms] [WARNING] Ribbit wallet not detected @ webpack-internal:///(app-pages-browser)/./node_modules/ribbit-wallet-connect/dist/index.js:23
[ 2888025ms] [WARNING] Ribbit wallet not detected @ webpack-internal:///(app-pages-browser)/./node_modules/ribbit-wallet-connect/dist/index.js:23
[ 2888860ms] [WARNING] Ribbit wallet not detected @ webpack-internal:///(app-pages-browser)/./node_modules/ribbit-wallet-connect/dist/index.js:23
[ 2888860ms] [WARNING] Ribbit wallet not detected @ webpack-internal:///(app-pages-browser)/./node_modules/ribbit-wallet-connect/dist/index.js:23
[ 2891860ms] [WARNING] The resource http://localhost:3000/_next/static/css/app/%5Blocale%5D/layout.css?v=1791240792207 was preloaded using link preload but not used within a few seconds from the window's load event. Please make sure it has an appropriate `as` value and it is preloaded intentionally. @ http://localhost:3000/en/governance:0
[ 2891860ms] [WARNING] The resource http://localhost:3000/_next/static/css/app/%5Blocale%5D/layout.css?v=1791240798877 was preloaded using link preload but not used within a few seconds from the window's load event. Please make sure it has an appropriate `as` value and it is preloaded intentionally. @ http://localhost:3000/en/governance:0
[ 2891860ms] [WARNING] The resource http://localhost:3000/_next/static/css/app/%5Blocale%5D/layout.css?v=1791240806915 was preloaded using link preload but not used within a few seconds from the window's load event. Please make sure it has an appropriate `as` value and it is preloaded intentionally. @ http://localhost:3000/en/governance:0
[ 2891860ms] [WARNING] The resource http://localhost:3000/_next/static/css/app/%5Blocale%5D/layout.css?v=1791240803292 was preloaded using link preload but not used within a few seconds from the window's load event. Please make sure it has an appropriate `as` value and it is preloaded intentionally. @ http://localhost:3000/en/governance:0
[ 2891860ms] [WARNING] The resource http://localhost:3000/_next/static/css/app/%5Blocale%5D/layout.css?v=1791240800110 was preloaded using link preload but not used within a few seconds from the window's load event. Please make sure it has an appropriate `as` value and it is preloaded intentionally. @ http://localhost:3000/en/governance:0
[ 2948024ms] [WARNING] Ribbit wallet not detected @ webpack-internal:///(app-pages-browser)/./node_modules/ribbit-wallet-connect/dist/index.js:23
[ 2948025ms] [WARNING] Ribbit wallet not detected @ webpack-internal:///(app-pages-browser)/./node_modules/ribbit-wallet-connect/dist/index.js:23
[ 2949421ms] [WARNING] Ribbit wallet not detected @ webpack-internal:///(app-pages-browser)/./node_modules/ribbit-wallet-connect/dist/index.js:23
[ 2949421ms] [WARNING] Ribbit wallet not detected @ webpack-internal:///(app-pages-browser)/./node_modules/ribbit-wallet-connect/dist/index.js:23
[ 2952420ms] [WARNING] The resource http://localhost:3000/_next/static/css/app/%5Blocale%5D/layout.css?v=1791240792207 was preloaded using link preload but not used within a few seconds from the window's load event. Please make sure it has an appropriate `as` value and it is preloaded intentionally. @ http://localhost:3000/en/governance:0
[ 2952420ms] [WARNING] The resource http://localhost:3000/_next/static/css/app/%5Blocale%5D/layout.css?v=1791240798877 was preloaded using link preload but not used within a few seconds from the window's load event. Please make sure it has an appropriate `as` value and it is preloaded intentionally. @ http://localhost:3000/en/governance:0
[ 2952420ms] [WARNING] The resource http://localhost:3000/_next/static/css/app/%5Blocale%5D/layout.css?v=1791240806915 was preloaded using link preload but not used within a few seconds from the window's load event. Please make sure it has an appropriate `as` value and it is preloaded intentionally. @ http://localhost:3000/en/governance:0
[ 2952420ms] [WARNING] The resource http://localhost:3000/_next/static/css/app/%5Blocale%5D/layout.css?v=1791240803292 was preloaded using link preload but not used within a few seconds from the window's load event. Please make sure it has an appropriate `as` value and it is preloaded intentionally. @ http://localhost:3000/en/governance:0
[ 2952420ms] [WARNING] The resource http://localhost:3000/_next/static/css/app/%5Blocale%5D/layout.css?v=1791240800110 was preloaded using link preload but not used within a few seconds from the window's load event. Please make sure it has an appropriate `as` value and it is preloaded intentionally. @ http://localhost:3000/en/governance:0
[ 3008024ms] [WARNING] Ribbit wallet not detected @ webpack-internal:///(app-pages-browser)/./node_modules/ribbit-wallet-connect/dist/index.js:23
[ 3008025ms] [WARNING] Ribbit wallet not detected @ webpack-internal:///(app-pages-browser)/./node_modules/ribbit-wallet-connect/dist/index.js:23
[ 3008686ms] [WARNING] Ribbit wallet not detected @ webpack-internal:///(app-pages-browser)/./node_modules/ribbit-wallet-connect/dist/index.js:23
[ 3008686ms] [WARNING] Ribbit wallet not detected @ webpack-internal:///(app-pages-browser)/./node_modules/ribbit-wallet-connect/dist/index.js:23
[ 3011685ms] [WARNING] The resource http://localhost:3000/_next/static/css/app/%5Blocale%5D/layout.css?v=1791240792207 was preloaded using link preload but not used within a few seconds from the window's load event. Please make sure it has an appropriate `as` value and it is preloaded intentionally. @ http://localhost:3000/en/governance:0
[ 3011685ms] [WARNING] The resource http://localhost:3000/_next/static/css/app/%5Blocale%5D/layout.css?v=1791240798877 was preloaded using link preload but not used within a few seconds from the window's load event. Please make sure it has an appropriate `as` value and it is preloaded intentionally. @ http://localhost:3000/en/governance:0
[ 3011685ms] [WARNING] The resource http://localhost:3000/_next/static/css/app/%5Blocale%5D/layout.css?v=1791240806915 was preloaded using link preload but not used within a few seconds from the window's load event. Please make sure it has an appropriate `as` value and it is preloaded intentionally. @ http://localhost:3000/en/governance:0
[ 3011685ms] [WARNING] The resource http://localhost:3000/_next/static/css/app/%5Blocale%5D/layout.css?v=1791240803292 was preloaded using link preload but not used within a few seconds from the window's load event. Please make sure it has an appropriate `as` value and it is preloaded intentionally. @ http://localhost:3000/en/governance:0
[ 3011686ms] [WARNING] The resource http://localhost:3000/_next/static/css/app/%5Blocale%5D/layout.css?v=1791240800110 was preloaded using link preload but not used within a few seconds from the window's load event. Please make sure it has an appropriate `as` value and it is preloaded intentionally. @ http://localhost:3000/en/governance:0
[ 3068024ms] [WARNING] Ribbit wallet not detected @ webpack-internal:///(app-pages-browser)/./node_modules/ribbit-wallet-connect/dist/index.js:23
[ 3068025ms] [WARNING] Ribbit wallet not detected @ webpack-internal:///(app-pages-browser)/./node_modules/ribbit-wallet-connect/dist/index.js:23
[ 3069113ms] [WARNING] Ribbit wallet not detected @ webpack-internal:///(app-pages-browser)/./node_modules/ribbit-wallet-connect/dist/index.js:23
[ 3069114ms] [WARNING] Ribbit wallet not detected @ webpack-internal:///(app-pages-browser)/./node_modules/ribbit-wallet-connect/dist/index.js:23
[ 3072114ms] [WARNING] The resource http://localhost:3000/_next/static/css/app/%5Blocale%5D/layout.css?v=1791240792207 was preloaded using link preload but not used within a few seconds from the window's load event. Please make sure it has an appropriate `as` value and it is preloaded intentionally. @ http://localhost:3000/en/governance:0
[ 3072114ms] [WARNING] The resource http://localhost:3000/_next/static/css/app/%5Blocale%5D/layout.css?v=1791240798877 was preloaded using link preload but not used within a few seconds from the window's load event. Please make sure it has an appropriate `as` value and it is preloaded intentionally. @ http://localhost:3000/en/governance:0
[ 3072114ms] [WARNING] The resource http://localhost:3000/_next/static/css/app/%5Blocale%5D/layout.css?v=1791240806915 was preloaded using link preload but not used within a few seconds from the window's load event. Please make sure it has an appropriate `as` value and it is preloaded intentionally. @ http://localhost:3000/en/governance:0
[ 3072114ms] [WARNING] The resource http://localhost:3000/_next/static/css/app/%5Blocale%5D/layout.css?v=1791240803292 was preloaded using link preload but not used within a few seconds from the window's load event. Please make sure it has an appropriate `as` value and it is preloaded intentionally. @ http://localhost:3000/en/governance:0
[ 3072114ms] [WARNING] The resource http://localhost:3000/_next/static/css/app/%5Blocale%5D/layout.css?v=1791240800110 was preloaded using link preload but not used within a few seconds from the window's load event. Please make sure it has an appropriate `as` value and it is preloaded intentionally. @ http://localhost:3000/en/governance:0
[ 3128025ms] [WARNING] Ribbit wallet not detected @ webpack-internal:///(app-pages-browser)/./node_modules/ribbit-wallet-connect/dist/index.js:23
[ 3128025ms] [WARNING] Ribbit wallet not detected @ webpack-internal:///(app-pages-browser)/./node_modules/ribbit-wallet-connect/dist/index.js:23
[ 3128731ms] [WARNING] Ribbit wallet not detected @ webpack-internal:///(app-pages-browser)/./node_modules/ribbit-wallet-connect/dist/index.js:23
[ 3128732ms] [WARNING] Ribbit wallet not detected @ webpack-internal:///(app-pages-browser)/./node_modules/ribbit-wallet-connect/dist/index.js:23
[ 3131731ms] [WARNING] The resource http://localhost:3000/_next/static/css/app/%5Blocale%5D/layout.css?v=1791240792207 was preloaded using link preload but not used within a few seconds from the window's load event. Please make sure it has an appropriate `as` value and it is preloaded intentionally. @ http://localhost:3000/en/governance:0
[ 3131731ms] [WARNING] The resource http://localhost:3000/_next/static/css/app/%5Blocale%5D/layout.css?v=1791240798877 was preloaded using link preload but not used within a few seconds from the window's load event. Please make sure it has an appropriate `as` value and it is preloaded intentionally. @ http://localhost:3000/en/governance:0
[ 3131731ms] [WARNING] The resource http://localhost:3000/_next/static/css/app/%5Blocale%5D/layout.css?v=1791240806915 was preloaded using link preload but not used within a few seconds from the window's load event. Please make sure it has an appropriate `as` value and it is preloaded intentionally. @ http://localhost:3000/en/governance:0
[ 3131731ms] [WARNING] The resource http://localhost:3000/_next/static/css/app/%5Blocale%5D/layout.css?v=1791240803292 was preloaded using link preload but not used within a few seconds from the window's load event. Please make sure it has an appropriate `as` value and it is preloaded intentionally. @ http://localhost:3000/en/governance:0
[ 3131731ms] [WARNING] The resource http://localhost:3000/_next/static/css/app/%5Blocale%5D/layout.css?v=1791240800110 was preloaded using link preload but not used within a few seconds from the window's load event. Please make sure it has an appropriate `as` value and it is preloaded intentionally. @ http://localhost:3000/en/governance:0
[ 3188025ms] [WARNING] Ribbit wallet not detected @ webpack-internal:///(app-pages-browser)/./node_modules/ribbit-wallet-connect/dist/index.js:23
[ 3188025ms] [WARNING] Ribbit wallet not detected @ webpack-internal:///(app-pages-browser)/./node_modules/ribbit-wallet-connect/dist/index.js:23
[ 3189108ms] [WARNING] Ribbit wallet not detected @ webpack-internal:///(app-pages-browser)/./node_modules/ribbit-wallet-connect/dist/index.js:23
[ 3189109ms] [WARNING] Ribbit wallet not detected @ webpack-internal:///(app-pages-browser)/./node_modules/ribbit-wallet-connect/dist/index.js:23
[ 3192107ms] [WARNING] The resource http://localhost:3000/_next/static/css/app/%5Blocale%5D/layout.css?v=1791240792207 was preloaded using link preload but not used within a few seconds from the window's load event. Please make sure it has an appropriate `as` value and it is preloaded intentionally. @ http://localhost:3000/en/governance:0
[ 3192108ms] [WARNING] The resource http://localhost:3000/_next/static/css/app/%5Blocale%5D/layout.css?v=1791240798877 was preloaded using link preload but not used within a few seconds from the window's load event. Please make sure it has an appropriate `as` value and it is preloaded intentionally. @ http://localhost:3000/en/governance:0
[ 3192108ms] [WARNING] The resource http://localhost:3000/_next/static/css/app/%5Blocale%5D/layout.css?v=1791240806915 was preloaded using link preload but not used within a few seconds from the window's load event. Please make sure it has an appropriate `as` value and it is preloaded intentionally. @ http://localhost:3000/en/governance:0
[ 3192108ms] [WARNING] The resource http://localhost:3000/_next/static/css/app/%5Blocale%5D/layout.css?v=1791240803292 was preloaded using link preload but not used within a few seconds from the window's load event. Please make sure it has an appropriate `as` value and it is preloaded intentionally. @ http://localhost:3000/en/governance:0
[ 3192108ms] [WARNING] The resource http://localhost:3000/_next/static/css/app/%5Blocale%5D/layout.css?v=1791240800110 was preloaded using link preload but not used within a few seconds from the window's load event. Please make sure it has an appropriate `as` value and it is preloaded intentionally. @ http://localhost:3000/en/governance:0
[ 3248026ms] [WARNING] Ribbit wallet not detected @ webpack-internal:///(app-pages-browser)/./node_modules/ribbit-wallet-connect/dist/index.js:23
[ 3248026ms] [WARNING] Ribbit wallet not detected @ webpack-internal:///(app-pages-browser)/./node_modules/ribbit-wallet-connect/dist/index.js:23
[ 3249119ms] [WARNING] Ribbit wallet not detected @ webpack-internal:///(app-pages-browser)/./node_modules/ribbit-wallet-connect/dist/index.js:23
[ 3249119ms] [WARNING] Ribbit wallet not detected @ webpack-internal:///(app-pages-browser)/./node_modules/ribbit-wallet-connect/dist/index.js:23
[ 3252119ms] [WARNING] The resource http://localhost:3000/_next/static/css/app/%5Blocale%5D/layout.css?v=1791240792207 was preloaded using link preload but not used within a few seconds from the window's load event. Please make sure it has an appropriate `as` value and it is preloaded intentionally. @ http://localhost:3000/en/governance:0
[ 3252119ms] [WARNING] The resource http://localhost:3000/_next/static/css/app/%5Blocale%5D/layout.css?v=1791240798877 was preloaded using link preload but not used within a few seconds from the window's load event. Please make sure it has an appropriate `as` value and it is preloaded intentionally. @ http://localhost:3000/en/governance:0
[ 3252119ms] [WARNING] The resource http://localhost:3000/_next/static/css/app/%5Blocale%5D/layout.css?v=1791240806915 was preloaded using link preload but not used within a few seconds from the window's load event. Please make sure it has an appropriate `as` value and it is preloaded intentionally. @ http://localhost:3000/en/governance:0
[ 3252119ms] [WARNING] The resource http://localhost:3000/_next/static/css/app/%5Blocale%5D/layout.css?v=1791240803292 was preloaded using link preload but not used within a few seconds from the window's load event. Please make sure it has an appropriate `as` value and it is preloaded intentionally. @ http://localhost:3000/en/governance:0
[ 3252119ms] [WARNING] The resource http://localhost:3000/_next/static/css/app/%5Blocale%5D/layout.css?v=1791240800110 was preloaded using link preload but not used within a few seconds from the window's load event. Please make sure it has an appropriate `as` value and it is preloaded intentionally. @ http://localhost:3000/en/governance:0
[ 3308024ms] [WARNING] Ribbit wallet not detected @ webpack-internal:///(app-pages-browser)/./node_modules/ribbit-wallet-connect/dist/index.js:23
[ 3308025ms] [WARNING] Ribbit wallet not detected @ webpack-internal:///(app-pages-browser)/./node_modules/ribbit-wallet-connect/dist/index.js:23
[ 3308697ms] [WARNING] Ribbit wallet not detected @ webpack-internal:///(app-pages-browser)/./node_modules/ribbit-wallet-connect/dist/index.js:23
[ 3308698ms] [WARNING] Ribbit wallet not detected @ webpack-internal:///(app-pages-browser)/./node_modules/ribbit-wallet-connect/dist/index.js:23
[ 3311698ms] [WARNING] The resource http://localhost:3000/_next/static/css/app/%5Blocale%5D/layout.css?v=1791240792207 was preloaded using link preload but not used within a few seconds from the window's load event. Please make sure it has an appropriate `as` value and it is preloaded intentionally. @ http://localhost:3000/en/governance:0
[ 3311698ms] [WARNING] The resource http://localhost:3000/_next/static/css/app/%5Blocale%5D/layout.css?v=1791240798877 was preloaded using link preload but not used within a few seconds from the window's load event. Please make sure it has an appropriate `as` value and it is preloaded intentionally. @ http://localhost:3000/en/governance:0
[ 3311698ms] [WARNING] The resource http://localhost:3000/_next/static/css/app/%5Blocale%5D/layout.css?v=1791240806915 was preloaded using link preload but not used within a few seconds from the window's load event. Please make sure it has an appropriate `as` value and it is preloaded intentionally. @ http://localhost:3000/en/governance:0
[ 3311698ms] [WARNING] The resource http://localhost:3000/_next/static/css/app/%5Blocale%5D/layout.css?v=1791240803292 was preloaded using link preload but not used within a few seconds from the window's load event. Please make sure it has an appropriate `as` value and it is preloaded intentionally. @ http://localhost:3000/en/governance:0
[ 3311698ms] [WARNING] The resource http://localhost:3000/_next/static/css/app/%5Blocale%5D/layout.css?v=1791240800110 was preloaded using link preload but not used within a few seconds from the window's load event. Please make sure it has an appropriate `as` value and it is preloaded intentionally. @ http://localhost:3000/en/governance:0
[ 3368025ms] [WARNING] Ribbit wallet not detected @ webpack-internal:///(app-pages-browser)/./node_modules/ribbit-wallet-connect/dist/index.js:23
[ 3368025ms] [WARNING] Ribbit wallet not detected @ webpack-internal:///(app-pages-browser)/./node_modules/ribbit-wallet-connect/dist/index.js:23
[ 3368761ms] [WARNING] Ribbit wallet not detected @ webpack-internal:///(app-pages-browser)/./node_modules/ribbit-wallet-connect/dist/index.js:23
[ 3368761ms] [WARNING] Ribbit wallet not detected @ webpack-internal:///(app-pages-browser)/./node_modules/ribbit-wallet-connect/dist/index.js:23
[ 3371762ms] [WARNING] The resource http://localhost:3000/_next/static/css/app/%5Blocale%5D/layout.css?v=1791240792207 was preloaded using link preload but not used within a few seconds from the window's load event. Please make sure it has an appropriate `as` value and it is preloaded intentionally. @ http://localhost:3000/en/governance:0
[ 3371762ms] [WARNING] The resource http://localhost:3000/_next/static/css/app/%5Blocale%5D/layout.css?v=1791240798877 was preloaded using link preload but not used within a few seconds from the window's load event. Please make sure it has an appropriate `as` value and it is preloaded intentionally. @ http://localhost:3000/en/governance:0
[ 3371762ms] [WARNING] The resource http://localhost:3000/_next/static/css/app/%5Blocale%5D/layout.css?v=1791240806915 was preloaded using link preload but not used within a few seconds from the window's load event. Please make sure it has an appropriate `as` value and it is preloaded intentionally. @ http://localhost:3000/en/governance:0
[ 3371762ms] [WARNING] The resource http://localhost:3000/_next/static/css/app/%5Blocale%5D/layout.css?v=1791240803292 was preloaded using link preload but not used within a few seconds from the window's load event. Please make sure it has an appropriate `as` value and it is preloaded intentionally. @ http://localhost:3000/en/governance:0
[ 3371762ms] [WARNING] The resource http://localhost:3000/_next/static/css/app/%5Blocale%5D/layout.css?v=1791240800110 was preloaded using link preload but not used within a few seconds from the window's load event. Please make sure it has an appropriate `as` value and it is preloaded intentionally. @ http://localhost:3000/en/governance:0
[ 3428025ms] [WARNING] Ribbit wallet not detected @ webpack-internal:///(app-pages-browser)/./node_modules/ribbit-wallet-connect/dist/index.js:23
[ 3428025ms] [WARNING] Ribbit wallet not detected @ webpack-internal:///(app-pages-browser)/./node_modules/ribbit-wallet-connect/dist/index.js:23
[ 3428776ms] [WARNING] Ribbit wallet not detected @ webpack-internal:///(app-pages-browser)/./node_modules/ribbit-wallet-connect/dist/index.js:23
[ 3428777ms] [WARNING] Ribbit wallet not detected @ webpack-internal:///(app-pages-browser)/./node_modules/ribbit-wallet-connect/dist/index.js:23
[ 3431775ms] [WARNING] The resource http://localhost:3000/_next/static/css/app/%5Blocale%5D/layout.css?v=1791240792207 was preloaded using link preload but not used within a few seconds from the window's load event. Please make sure it has an appropriate `as` value and it is preloaded intentionally. @ http://localhost:3000/en/governance:0
[ 3431775ms] [WARNING] The resource http://localhost:3000/_next/static/css/app/%5Blocale%5D/layout.css?v=1791240798877 was preloaded using link preload but not used within a few seconds from the window's load event. Please make sure it has an appropriate `as` value and it is preloaded intentionally. @ http://localhost:3000/en/governance:0
[ 3431775ms] [WARNING] The resource http://localhost:3000/_next/static/css/app/%5Blocale%5D/layout.css?v=1791240806915 was preloaded using link preload but not used within a few seconds from the window's load event. Please make sure it has an appropriate `as` value and it is preloaded intentionally. @ http://localhost:3000/en/governance:0
[ 3431775ms] [WARNING] The resource http://localhost:3000/_next/static/css/app/%5Blocale%5D/layout.css?v=1791240803292 was preloaded using link preload but not used within a few seconds from the window's load event. Please make sure it has an appropriate `as` value and it is preloaded intentionally. @ http://localhost:3000/en/governance:0
[ 3431775ms] [WARNING] The resource http://localhost:3000/_next/static/css/app/%5Blocale%5D/layout.css?v=1791240800110 was preloaded using link preload but not used within a few seconds from the window's load event. Please make sure it has an appropriate `as` value and it is preloaded intentionally. @ http://localhost:3000/en/governance:0
[ 3488024ms] [WARNING] Ribbit wallet not detected @ webpack-internal:///(app-pages-browser)/./node_modules/ribbit-wallet-connect/dist/index.js:23
[ 3488025ms] [WARNING] Ribbit wallet not detected @ webpack-internal:///(app-pages-browser)/./node_modules/ribbit-wallet-connect/dist/index.js:23
[ 3489120ms] [WARNING] Ribbit wallet not detected @ webpack-internal:///(app-pages-browser)/./node_modules/ribbit-wallet-connect/dist/index.js:23
[ 3489121ms] [WARNING] Ribbit wallet not detected @ webpack-internal:///(app-pages-browser)/./node_modules/ribbit-wallet-connect/dist/index.js:23
[ 3492120ms] [WARNING] The resource http://localhost:3000/_next/static/css/app/%5Blocale%5D/layout.css?v=1791240792207 was preloaded using link preload but not used within a few seconds from the window's load event. Please make sure it has an appropriate `as` value and it is preloaded intentionally. @ http://localhost:3000/en/governance:0
[ 3492120ms] [WARNING] The resource http://localhost:3000/_next/static/css/app/%5Blocale%5D/layout.css?v=1791240798877 was preloaded using link preload but not used within a few seconds from the window's load event. Please make sure it has an appropriate `as` value and it is preloaded intentionally. @ http://localhost:3000/en/governance:0
[ 3492120ms] [WARNING] The resource http://localhost:3000/_next/static/css/app/%5Blocale%5D/layout.css?v=1791240806915 was preloaded using link preload but not used within a few seconds from the window's load event. Please make sure it has an appropriate `as` value and it is preloaded intentionally. @ http://localhost:3000/en/governance:0
[ 3492120ms] [WARNING] The resource http://localhost:3000/_next/static/css/app/%5Blocale%5D/layout.css?v=1791240803292 was preloaded using link preload but not used within a few seconds from the window's load event. Please make sure it has an appropriate `as` value and it is preloaded intentionally. @ http://localhost:3000/en/governance:0
[ 3492120ms] [WARNING] The resource http://localhost:3000/_next/static/css/app/%5Blocale%5D/layout.css?v=1791240800110 was preloaded using link preload but not used within a few seconds from the window's load event. Please make sure it has an appropriate `as` value and it is preloaded intentionally. @ http://localhost:3000/en/governance:0
[ 3548026ms] [WARNING] Ribbit wallet not detected @ webpack-internal:///(app-pages-browser)/./node_modules/ribbit-wallet-connect/dist/index.js:23
[ 3548026ms] [WARNING] Ribbit wallet not detected @ webpack-internal:///(app-pages-browser)/./node_modules/ribbit-wallet-connect/dist/index.js:23
[ 3548734ms] [WARNING] Ribbit wallet not detected @ webpack-internal:///(app-pages-browser)/./node_modules/ribbit-wallet-connect/dist/index.js:23
[ 3548735ms] [WARNING] Ribbit wallet not detected @ webpack-internal:///(app-pages-browser)/./node_modules/ribbit-wallet-connect/dist/index.js:23
[ 3551735ms] [WARNING] The resource http://localhost:3000/_next/static/css/app/%5Blocale%5D/layout.css?v=1791240792207 was preloaded using link preload but not used within a few seconds from the window's load event. Please make sure it has an appropriate `as` value and it is preloaded intentionally. @ http://localhost:3000/en/governance:0
[ 3551735ms] [WARNING] The resource http://localhost:3000/_next/static/css/app/%5Blocale%5D/layout.css?v=1791240798877 was preloaded using link preload but not used within a few seconds from the window's load event. Please make sure it has an appropriate `as` value and it is preloaded intentionally. @ http://localhost:3000/en/governance:0
[ 3551735ms] [WARNING] The resource http://localhost:3000/_next/static/css/app/%5Blocale%5D/layout.css?v=1791240806915 was preloaded using link preload but not used within a few seconds from the window's load event. Please make sure it has an appropriate `as` value and it is preloaded intentionally. @ http://localhost:3000/en/governance:0
[ 3551735ms] [WARNING] The resource http://localhost:3000/_next/static/css/app/%5Blocale%5D/layout.css?v=1791240803292 was preloaded using link preload but not used within a few seconds from the window's load event. Please make sure it has an appropriate `as` value and it is preloaded intentionally. @ http://localhost:3000/en/governance:0
[ 3551735ms] [WARNING] The resource http://localhost:3000/_next/static/css/app/%5Blocale%5D/layout.css?v=1791240800110 was preloaded using link preload but not used within a few seconds from the window's load event. Please make sure it has an appropriate `as` value and it is preloaded intentionally. @ http://localhost:3000/en/governance:0
[ 3608025ms] [WARNING] Ribbit wallet not detected @ webpack-internal:///(app-pages-browser)/./node_modules/ribbit-wallet-connect/dist/index.js:23
[ 3608025ms] [WARNING] Ribbit wallet not detected @ webpack-internal:///(app-pages-browser)/./node_modules/ribbit-wallet-connect/dist/index.js:23
[ 3608731ms] [WARNING] Ribbit wallet not detected @ webpack-internal:///(app-pages-browser)/./node_modules/ribbit-wallet-connect/dist/index.js:23
[ 3608732ms] [WARNING] Ribbit wallet not detected @ webpack-internal:///(app-pages-browser)/./node_modules/ribbit-wallet-connect/dist/index.js:23
[ 3611732ms] [WARNING] The resource http://localhost:3000/_next/static/css/app/%5Blocale%5D/layout.css?v=1791240792207 was preloaded using link preload but not used within a few seconds from the window's load event. Please make sure it has an appropriate `as` value and it is preloaded intentionally. @ http://localhost:3000/en/governance:0
[ 3611732ms] [WARNING] The resource http://localhost:3000/_next/static/css/app/%5Blocale%5D/layout.css?v=1791240798877 was preloaded using link preload but not used within a few seconds from the window's load event. Please make sure it has an appropriate `as` value and it is preloaded intentionally. @ http://localhost:3000/en/governance:0
[ 3611732ms] [WARNING] The resource http://localhost:3000/_next/static/css/app/%5Blocale%5D/layout.css?v=1791240806915 was preloaded using link preload but not used within a few seconds from the window's load event. Please make sure it has an appropriate `as` value and it is preloaded intentionally. @ http://localhost:3000/en/governance:0
[ 3611732ms] [WARNING] The resource http://localhost:3000/_next/static/css/app/%5Blocale%5D/layout.css?v=1791240803292 was preloaded using link preload but not used within a few seconds from the window's load event. Please make sure it has an appropriate `as` value and it is preloaded intentionally. @ http://localhost:3000/en/governance:0
[ 3611732ms] [WARNING] The resource http://localhost:3000/_next/static/css/app/%5Blocale%5D/layout.css?v=1791240800110 was preloaded using link preload but not used within a few seconds from the window's load event. Please make sure it has an appropriate `as` value and it is preloaded intentionally. @ http://localhost:3000/en/governance:0
